excerpt_id,article_id,title,file_path,excerpt_type,tags,para_start,para_end,text
A001-opening,A001,山雾零星,data/articles/0001-零星.txt,开头钩子,系统/攻略|弹幕/评论|甜虐关系|开头钩子|信息外挂|人设亮相,1,5,"攻略阴郁男主成功后，我选择立即脱离世界。
哪怕他卑微地求我留下，也没为他停留一秒。
后来在现实世界，我过得实在不好。
系统找上我，用五百万做交换，让我回到书里再攻略他一次。
我刚要答应，眼前忽然划过弹幕："
A001-intro,A001,山雾零星,data/articles/0001-零星.txt,主角亮相,系统/攻略|弹幕/评论|甜虐关系|主角亮相|信息外挂|人设亮相,5,5,我刚要答应，眼前忽然划过弹幕：
A001-dialogue,A001,山雾零星,data/articles/0001-零星.txt,高张力对白,系统/攻略|弹幕/评论|甜虐关系|高张力对白|轻喜反差|情感拉扯,7,7,「笑死了，她不会以为男主还爱着她吧？」
A001-ending,A001,山雾零星,data/articles/0001-零星.txt,结尾余韵,系统/攻略|弹幕/评论|甜虐关系|结尾余韵|轻喜反差|人设亮相,851,853,"「沈折星啊, 你可以放心啦。」
看着眼前似乎要将我抱紧的大树。
我眼睛有些红，还是笑眯眯地说：「你看，我过得这么幸福。」"
A002-opening,A002,冰霜画作,data/articles/0002-旧时雨.txt,开头钩子,古言/宫廷|重逢修罗场|开头钩子|关系破裂|人设亮相,1,5,"十六岁那年冬天，我瞧见长姐将手探进萧执敞开的貂裘衣襟，滑向他的腰腹。
少年身形微顿，却未阻拦，只由着那指尖游走。
二十岁，萧执奉旨娶了我。
可满长安都知道，靖王府的书房里，挂着他和长姐同游的画作。
二十三岁秋，我将和离书递到他面前。"
A002-intro,A002,冰霜画作,data/articles/0002-旧时雨.txt,主角亮相,古言/宫廷|重逢修罗场|主角亮相|人设亮相,1,1,十六岁那年冬天，我瞧见长姐将手探进萧执敞开的貂裘衣襟，滑向他的腰腹。
A002-dialogue,A002,冰霜画作,data/articles/0002-旧时雨.txt,高张力对白,古言/宫廷|重逢修罗场|高张力对白|关系破裂|人设亮相,55,55,「昭儿，我平日是如何教你的？和离岂有将嫁妆尽数带回的道理？」
A002-ending,A002,冰霜画作,data/articles/0002-旧时雨.txt,结尾余韵,古言/宫廷|重逢修罗场|结尾余韵|轻喜反差|情感拉扯|人设亮相,555,557,"我握住他的手, 也笑了起来：
「是，自己选的夫君，任性也得纵着。」
还能如何？"
A003-opening,A003,贵族老登,data/articles/0003-真千金爹味太重.txt,开头钩子,真假千金|身份反差|开头钩子|人设亮相,1,5,"我今年 58。
勾心斗角半辈子，这几年退居二线享清福。
整天就是找老朋友喝喝酒，钓钓鱼，聊聊中美局势和贸易战。
前几天小女儿在看短剧，叫什么「假千金是团宠」，吵吵得吃个饭都不安宁。
我看了几眼就发现这东西三观不正，夸大其词。"
A003-intro,A003,贵族老登,data/articles/0003-真千金爹味太重.txt,主角亮相,真假千金|身份反差|主角亮相|人设亮相,1,1,我今年 58。
A003-dialogue,A003,贵族老登,data/articles/0003-真千金爹味太重.txt,高张力对白,真假千金|身份反差|高张力对白|轻喜反差|人设亮相,39,39,我自然不会跟小辈计较，哈哈一笑道：「顾总放心！咱们中国人，讲究一个和谐、和睦，家和万事兴！」
A003-ending,A003,贵族老登,data/articles/0003-真千金爹味太重.txt,结尾余韵,真假千金|身份反差|结尾余韵|人设亮相,338,340,"顾家有我，可真是年年有鱼了！
——全文完——
———-(已完结)———-"
A004-opening,A004,痞魅扶光,data/articles/0004-扶光和鸾.txt,开头钩子,真假千金|都市婚恋|开头钩子|人设亮相,1,5,"成婚三年，我和谢扶光还是不熟。
白天他不在家，晚上他睡书房，从来不碰我。
正逢真千金归来，爹娘说要拨乱反正，逼我让出谢夫人的位置。
我想着问问他的意见，特地熬了碗鸡汤来到书房。
谢扶光头都没抬。"
A004-intro,A004,痞魅扶光,data/articles/0004-扶光和鸾.txt,主角亮相,真假千金|都市婚恋|主角亮相|人设亮相,1,1,成婚三年，我和谢扶光还是不熟。
A004-dialogue,A004,痞魅扶光,data/articles/0004-扶光和鸾.txt,高张力对白,真假千金|都市婚恋|高张力对白|人设亮相,88,88,「我会远离京城，永不再回。」
A004-ending,A004,痞魅扶光,data/articles/0004-扶光和鸾.txt,结尾余韵,真假千金|都市婚恋|结尾余韵,782,784,"年年岁岁乐于斯。
谢扶光，庆幸遇见你。
———-(已完结)———-"
A005-opening,A005,酒午龙蛋,data/articles/0005-驯龙法则.txt,开头钩子,奇幻/异种|危机压身|开头钩子|危机感|人设亮相,1,5,"父亲要把我送给邻国的老国王联姻。
不甘心的我把灵魂卖给了恶龙。
「作为交换，我要你的第一个孩子，否则，我会亲手收割你的灵魂。」
红色恶龙居高临下，眼神冰冷。
复仇成功后，我却反悔了，不愿献祭自己的孩子。"
A005-intro,A005,酒午龙蛋,data/articles/0005-驯龙法则.txt,主角亮相,奇幻/异种|危机压身|主角亮相|危机感|人设亮相,1,1,父亲要把我送给邻国的老国王联姻。
A005-dialogue,A005,酒午龙蛋,data/articles/0005-驯龙法则.txt,高张力对白,奇幻/异种|危机压身|高张力对白|人设亮相,3,3,「作为交换，我要你的第一个孩子，否则，我会亲手收割你的灵魂。」
A005-ending,A005,酒午龙蛋,data/articles/0005-驯龙法则.txt,结尾余韵,奇幻/异种|危机压身|结尾余韵|人设亮相,685,687,"「我会向你证明，我才是你最适合的伴侣。」
他展开翅膀，带我朝我的王国飞去。
那是另一个故事的开始。"
A006-opening,A006,40 度高温，爸妈把我房间昨天刚装上的空调，拆到了弟弟房间。,data/articles/0006-40度高温，爸妈拆我房间的空调.txt,开头钩子,校园|甜虐关系|开头钩子|轻喜反差|情感拉扯|人设亮相,1,5,"我没哭没闹，默默收拾行李：「我要搬出去住！」
他们吓了一跳，继⽽笑了：「萍萍，我们又怎么你了？」
「没有空调怎么住？」我泪眼婆娑。
爸妈愣了，想像从前一样拿捏我：「就为了个空调你闹什么脾⽓？我们以前没空调不也过来了？」
「晚上去你最爱的那家茶餐厅吃饭，总行了吧？」"
A006-intro,A006,40 度高温，爸妈把我房间昨天刚装上的空调，拆到了弟弟房间。,data/articles/0006-40度高温，爸妈拆我房间的空调.txt,主角亮相,校园|甜虐关系|主角亮相|人设亮相,1,1,我没哭没闹，默默收拾行李：「我要搬出去住！」
A006-dialogue,A006,40 度高温，爸妈把我房间昨天刚装上的空调，拆到了弟弟房间。,data/articles/0006-40度高温，爸妈拆我房间的空调.txt,高张力对白,校园|甜虐关系|高张力对白|情感拉扯,5,5,「晚上去你最爱的那家茶餐厅吃饭，总行了吧？」
A006-ending,A006,40 度高温，爸妈把我房间昨天刚装上的空调，拆到了弟弟房间。,data/articles/0006-40度高温，爸妈拆我房间的空调.txt,结尾余韵,校园|甜虐关系|结尾余韵,378,380,"大哥最后说：
「小叔和小婶……真的老了很多。」
「他俩总喃喃自语，要是当初，没拆萍萍那台空调就好了……」"
A007-opening,A007,表兄醉酒奸污了小妹。,data/articles/0007-我佛慈悲，一刀杀了.txt,开头钩子,其他|开头钩子|人设亮相,1,5,"不甚在意地说，「大不了我纳她为妾就是。」
祖母说，「她相貌粗陋，当真是委屈我的宝贝外孙了。」
母亲口称阿弥陀佛，「这一回，她也算是因祸得福了。」
我拿柳条狠狠抽打表兄。
告诉所有人，「我朝律法，强奸十二岁以下幼女者，死刑。」"
A007-intro,A007,表兄醉酒奸污了小妹。,data/articles/0007-我佛慈悲，一刀杀了.txt,主角亮相,其他|主角亮相|人设亮相,4,4,我拿柳条狠狠抽打表兄。
A007-dialogue,A007,表兄醉酒奸污了小妹。,data/articles/0007-我佛慈悲，一刀杀了.txt,高张力对白,其他|高张力对白|人设亮相,24,24,「外祖母，我喝多了认错了人，以为是我房里的姑娘呢。不然，我怎么会挨四表妹？她那张脸，我平日里见了都是绕道走的。」
A007-ending,A007,表兄醉酒奸污了小妹。,data/articles/0007-我佛慈悲，一刀杀了.txt,结尾余韵,其他|结尾余韵,370,372,"小四一直没有嫁人，她是怀远侯府的老姑娘，可除了些许无伤⼤雅的流言蜚语, 这件事并没有对她产生多大影响。
侯府的孩⼦叫她姑姑，她有亲⼈、有家⼈、有朋友、有忠仆, ⽇子热闹，生活顺遂。
她只是没有夫婿，仅此而已。"
A008-opening,A008,新婚夜，老公逼我玩一个小游戏。,data/articles/0008-心迷宫.txt,开头钩子,都市婚恋|开头钩子|人设亮相,1,4,"交换秘密，交换彼此内心最深的秘密。
周烨半真半假：「我曾睡过你的闺蜜，我主动的。」
轮到我，我沉默片刻：
「我杀过人，你信吗？」"
A008-intro,A008,新婚夜，老公逼我玩一个小游戏。,data/articles/0008-心迷宫.txt,主角亮相,都市婚恋|主角亮相|人设亮相,23,23,我们抱头痛哭，爸爸发誓一定洗心革面。
A008-dialogue,A008,新婚夜，老公逼我玩一个小游戏。,data/articles/0008-心迷宫.txt,高张力对白,都市婚恋|高张力对白|情感拉扯|人设亮相,7,7,「亲爱的，你是气我刚说的吗？逗你玩而已，我只是喜欢你吃醋的样子。」
A008-ending,A008,新婚夜，老公逼我玩一个小游戏。,data/articles/0008-心迷宫.txt,结尾余韵,都市婚恋|结尾余韵|人设亮相,404,406,"终于可以开始谱写结局了。
这个，我们等待了十五年的——
真正结局。"
A009-opening,A009,我不好惹袁梦,data/articles/0009-我不好惹.txt,开头钩子,都市婚恋|现实反差|甜虐关系|开头钩子|情感拉扯|人设亮相,1,5,"入职第二个月，收到一张结婚请柬。
「亲爱的，你就是新来的袁梦吧？下个月我结婚，一定要来啊！」
看着眼前的陌生女人，我一脸懵，
「我是事业三部的周乔，加个微信，以后就是自己人了。」
我看着眼前递过来二维码，嘴角抽了抽，"
A009-intro,A009,我不好惹袁梦,data/articles/0009-我不好惹.txt,主角亮相,都市婚恋|现实反差|甜虐关系|主角亮相|人设亮相,5,5,我看着眼前递过来二维码，嘴角抽了抽，
A009-dialogue,A009,我不好惹袁梦,data/articles/0009-我不好惹.txt,高张力对白,都市婚恋|现实反差|甜虐关系|高张力对白|情感拉扯|人设亮相,2,2,「亲爱的，你就是新来的袁梦吧？下个月我结婚，一定要来啊！」
A009-ending,A009,我不好惹袁梦,data/articles/0009-我不好惹.txt,结尾余韵,都市婚恋|现实反差|甜虐关系|结尾余韵|人设亮相,641,643,"我低头喝了口汤。
烫，很烫。
正好。"
A010-opening,A010,校霸发校园墙怒骂——,data/articles/0010-抓走了校霸的戒指怎么办.txt,开头钩子,弹幕/评论|校园|甜虐关系|开头钩子|轻喜反差|情感拉扯|人设亮相,1,5,"「是谁酒吧抓手指把我戒指抓走了？？？」
室友看着帖子笑得大声。
我抓着手里的戒指冷汗直冒，「是，是这个吗？」
后来，我把戒指还给裴澄，转身就跑。
他却拉着我说，「我喜欢你好久了。」"
A010-intro,A010,校霸发校园墙怒骂——,data/articles/0010-抓走了校霸的戒指怎么办.txt,主角亮相,弹幕/评论|校园|甜虐关系|主角亮相|人设亮相,3,3,我抓着手里的戒指冷汗直冒，「是，是这个吗？」
A010-dialogue,A010,校霸发校园墙怒骂——,data/articles/0010-抓走了校霸的戒指怎么办.txt,高张力对白,弹幕/评论|校园|甜虐关系|高张力对白,9,9,「欸，醒啦？你喝醉了怎么睡这么死，叫都叫不醒。」
A010-ending,A010,校霸发校园墙怒骂——,data/articles/0010-抓走了校霸的戒指怎么办.txt,结尾余韵,弹幕/评论|校园|甜虐关系|结尾余韵|轻喜反差|情感拉扯|人设亮相,464,466,"裴澄用手指勾了勾玩偶脖子上的恋爱符，语气似笑非笑。
「年年，你把我送的萨摩耶勒死了？」
（完）"
A011-opening,A011,春水泄愤,data/articles/0011-男二不想上位.txt,开头钩子,弹幕/评论|开头钩子|信息外挂|人设亮相,1,5,"校霸表白校花被拒后，为了泄愤，在教室里玩起了撒钱游戏。
很多人都去捡了，饿得两眼昏花的我也加入了其中。
只是刚捡起一张红色钞票，眼前就飘过弹幕。
【哪里来的炮灰？她不知道来捡钱的都是男二的朋友吗？】
【哈哈哈，男二做这些只是为了演戏给女主看，没想到有人当真了。】"
A011-intro,A011,春水泄愤,data/articles/0011-男二不想上位.txt,主角亮相,弹幕/评论|主角亮相|人设亮相,6,6,我捏着那张钞票，难堪地抬起头，果然所有人都正看着我。
A011-dialogue,A011,春水泄愤,data/articles/0011-男二不想上位.txt,高张力对白,弹幕/评论|高张力对白|人设亮相,29,29,于是我不确定地问：「这些钱，真的都给我吗？」
A011-ending,A011,春水泄愤,data/articles/0011-男二不想上位.txt,结尾余韵,弹幕/评论|结尾余韵|轻喜反差|人设亮相,663,665,"幸福在这一刻具象化了。
我拉起许燃，笑着说：
「结，我们现在就去民政局。」"
A012-opening,A012,商黎越越,data/articles/0012-商黎.txt,开头钩子,都市婚恋|开头钩子|轻喜反差|人设亮相,1,5,"在厨房做晚餐时，我听到丈夫在夸赞女儿的钢琴老师蝴蝶结系得很漂亮。
「一看就知道徐老师是个心灵手巧的女人，不像你妈妈，笨手笨脚，连给我们贝贝扎头发都扎不好。」
女儿脆声应和：「就是，妈妈手工也做不好，还害我被同学笑！」
记不清这是丈夫第多少次在孩子面前贬低我。
若是换做以前，我肯定要强调，让他管好自己的嘴。"
A012-intro,A012,商黎越越,data/articles/0012-商黎.txt,主角亮相,都市婚恋|主角亮相|人设亮相,10,10,我将珍藏在抽屉里的结婚证拿出来，摆到桌子上，一字一句说得很清楚：「明天上午你请半天假，我们去民政局办手续。」
A012-dialogue,A012,商黎越越,data/articles/0012-商黎.txt,高张力对白,都市婚恋|高张力对白|关系破裂|人设亮相,13,13,她丢开手里的玩偶，冲上来一把抱住了我的双腿：「妈妈，你为什么要和爸爸离婚？是不是爸爸惹你生气了？还是贝贝哪里没做好，让妈妈伤心了？」
A012-ending,A012,商黎越越,data/articles/0012-商黎.txt,结尾余韵,都市婚恋|结尾余韵|人设亮相,414,416,"外⾯⻛景正好。
而我心情正好。
全文完。"
A013-opening,A013,我想要撸高冷校草，,data/articles/0013-我想撸高冷校草的猫.txt,开头钩子,其他|开头钩子|人设亮相,1,5,"的猫。
半夜，我实在忍不住了，给他发消息：
【同学，能让我撸一下吗？就一下！】
校草:【同学，你有点冒昧。】
我不死心:"
A013-intro,A013,我想要撸高冷校草，,data/articles/0013-我想撸高冷校草的猫.txt,主角亮相,其他|主角亮相|人设亮相,5,5,我不死心:
A013-dialogue,A013,我想要撸高冷校草，,data/articles/0013-我想撸高冷校草的猫.txt,高张力对白,其他|高张力对白|人设亮相,94,94,眼睁睁看着我一把屎一把尿把孩子拉扯大，教会用猫砂、能吃能睡了，他再来直接抢走？
A013-ending,A013,我想要撸高冷校草，,data/articles/0013-我想撸高冷校草的猫.txt,结尾余韵,其他|结尾余韵|轻喜反差|人设亮相,851,853,"一丝湿意掠过，激起我一阵轻颤。
陆衍含混轻笑：
「也不想当人了。」"
A014-opening,A014,天才小师妹考试失利。,data/articles/0014-你惹她干什么，她可是倒数第一.txt,开头钩子,其他|开头钩子|人设亮相,1,5,"她哭着拉上众人质问我。
「为什么要在考试中陷害我？你用这种卑鄙的方式赢有意思吗？」
大师兄冷脸：「你简直不知廉耻。」
三师弟义愤填膺：「我真没想到你居然是这样的人。」
半晌，我指着布告栏上的名次，语气茫然。"
A014-intro,A014,天才小师妹考试失利。,data/articles/0014-你惹她干什么，她可是倒数第一.txt,主角亮相,其他|主角亮相|人设亮相,15,15,我表情严肃，伸出了一只手。
A014-dialogue,A014,天才小师妹考试失利。,data/articles/0014-你惹她干什么，她可是倒数第一.txt,高张力对白,其他|高张力对白,9,9,「你怎么会是倒数第一？！」
A014-ending,A014,天才小师妹考试失利。,data/articles/0014-你惹她干什么，她可是倒数第一.txt,结尾余韵,其他|结尾余韵,589,591,"「？」
原来是先用后付吗。
【全文完】"
A015-opening,A015,平安夜许愿，我不小心把圣诞 Santa 写成了撒旦 Satan。,data/articles/0015-是撒旦，不是圣诞.txt,开头钩子,其他|开头钩子|人设亮相,1,4,"第二天，一个有着赤色瞳孔的大帅哥敲开了我的房门。
他懒散地倚着门框，修长的双指夹着我的愿望清单。
「你许的什么破愿望？」
「什么叫『信女愿一生大鱼大肉，腰缠万贯，只求哪哪儿都大的男妈妈一枚，另外给我拿一百万。谢谢。』」"
A015-intro,A015,平安夜许愿，我不小心把圣诞 Santa 写成了撒旦 Satan。,data/articles/0015-是撒旦，不是圣诞.txt,主角亮相,其他|主角亮相|人设亮相,6,6,我穿着小熊睡衣，睡眼惺忪地打开门。
A015-dialogue,A015,平安夜许愿，我不小心把圣诞 Santa 写成了撒旦 Satan。,data/articles/0015-是撒旦，不是圣诞.txt,高张力对白,其他|高张力对白|人设亮相,107,107,我捂住耳朵，闭眼尖叫：「杀人是犯法的！」
A015-ending,A015,平安夜许愿，我不小心把圣诞 Santa 写成了撒旦 Satan。,data/articles/0015-是撒旦，不是圣诞.txt,结尾余韵,其他|结尾余韵|人设亮相,688,690,"编号 937 撒旦，因殴打同事并拔其羽毛, 造成不良影响，现予以停薪一月处分。
受害者采访：
⽻毛稀疏的某同事对着镜头哭诉：「你老婆不认识你，打我干什么！」"
A016-opening,A016,京圈太子妈放出消息，哪个女人能把她的 gay 儿子睡成直的，奖励一千万。,data/articles/0016-吻颜.txt,开头钩子,系统/攻略|古言/宫廷|危机压身|甜虐关系|开头钩子|信息外挂|轻喜反差|情感拉扯|人设亮相,1,5,"我见钱眼开，天天变着花样勾引太子爷。
起初他不为所动，后来他抓着我夜夜奋战，连微信里的男性 gay 友都删了。
任务完成，我拿钱死遁，却被太子爷带人堵在机场。
他用领带一圈圈绑住我的手腕，冷笑。
「老子嘬你的时候，怎么不说老子喜欢男人？"
A016-intro,A016,京圈太子妈放出消息，哪个女人能把她的 gay 儿子睡成直的，奖励一千万。,data/articles/0016-吻颜.txt,主角亮相,系统/攻略|古言/宫廷|危机压身|甜虐关系|主角亮相|人设亮相,1,1,我见钱眼开，天天变着花样勾引太子爷。
A016-dialogue,A016,京圈太子妈放出消息，哪个女人能把她的 gay 儿子睡成直的，奖励一千万。,data/articles/0016-吻颜.txt,高张力对白,系统/攻略|古言/宫廷|危机压身|甜虐关系|高张力对白|人设亮相,22,22,「阿姨，您不可以这样侮辱我！我可不是那种随便跟男人睡的人！我绝对不会——」
A016-ending,A016,京圈太子妈放出消息，哪个女人能把她的 gay 儿子睡成直的，奖励一千万。,data/articles/0016-吻颜.txt,结尾余韵,系统/攻略|古言/宫廷|危机压身|甜虐关系|结尾余韵|情感拉扯,765,767,"这样这一辈子, 童颜都别想再离开他。
他会给她一辈子钱，也会爱她一辈子。
他会等到她敞开心扉，彻底爱上他的那一天。"
A017-opening,A017,我来到了传闻中的灵魂商店。,data/articles/0017-商店火字.txt,开头钩子,都市婚恋|身份反差|甜虐关系|开头钩子|情感拉扯|人设亮相,1,5,"典当了爱的能力，换取了重生一次的机会。
再一次看到被爸妈领进门的养妹，我终于没有了上一世的歇斯底里。
这一世，父母的漠视，兄长的厌恶，未婚夫的背叛。
我全都不在乎了。
可是他们为什么……又抱着我哭的这么伤心？"
A017-intro,A017,我来到了传闻中的灵魂商店。,data/articles/0017-商店火字.txt,主角亮相,都市婚恋|身份反差|甜虐关系|主角亮相|人设亮相,4,4,我全都不在乎了。
A017-dialogue,A017,我来到了传闻中的灵魂商店。,data/articles/0017-商店火字.txt,高张力对白,都市婚恋|身份反差|甜虐关系|高张力对白,59,59,「你知不知道自己现在是什么样子？简直是个疯子！」
A017-ending,A017,我来到了传闻中的灵魂商店。,data/articles/0017-商店火字.txt,结尾余韵,都市婚恋|身份反差|甜虐关系|结尾余韵|人设亮相,971,973,"臭、臭流氓！
还我纯情少年郎！！
（完）"
A018-opening,A018,认回岑家后。,data/articles/0018-一树浮生.txt,开头钩子,真假千金|都市婚恋|危机压身|甜虐关系|开头钩子|危机感|情感拉扯|人设亮相,1,5,"岑宝珠将属于真千金的一切还给了我。
却还不了多年相伴的亲情羁绊。
父母偏爱她：「宝珠不过脾气有些骄纵。」
亲哥偏袒她：「你让一下她又怎样？」
连我喜欢的人，也是为了她才和我联姻。"
A018-intro,A018,认回岑家后。,data/articles/0018-一树浮生.txt,主角亮相,真假千金|都市婚恋|危机压身|甜虐关系|主角亮相|人设亮相,10,10,我被带回岑家时十五岁。
A018-dialogue,A018,认回岑家后。,data/articles/0018-一树浮生.txt,高张力对白,真假千金|都市婚恋|危机压身|甜虐关系|高张力对白|轻喜反差|情感拉扯|人设亮相,96,96,「是邱行哥送的对吧？」岑宝珠俯身靠近我，用手指勾出我锁骨下的项链，「啊，是小猫爪，好可爱！」
A018-ending,A018,认回岑家后。,data/articles/0018-一树浮生.txt,结尾余韵,真假千金|都市婚恋|危机压身|甜虐关系|结尾余韵|情感拉扯|人设亮相,420,422,"「它叫做——」
我在无数声「我爱你」中说：
「《被爱的李树的⼀生》」"
A019-opening,A019,得知我养了三个备胎后。,data/articles/0019-把不要的备胎卖给室友后.txt,开头钩子,其他|开头钩子|轻喜反差|人设亮相,1,5,"室友姜思冰开玩笑似地说：
「挺心疼你未来老公的。
「为了彩礼掏空积蓄，换来一个好几手的妻子。」
我犹豫了一下，说：
「那，我把备胎转你一个？」"
A019-intro,A019,得知我养了三个备胎后。,data/articles/0019-把不要的备胎卖给室友后.txt,主角亮相,其他|主角亮相|人设亮相,4,4,我犹豫了一下，说：
A019-dialogue,A019,得知我养了三个备胎后。,data/articles/0019-把不要的备胎卖给室友后.txt,高张力对白,其他|高张力对白|人设亮相,115,115,「我怎么舍得不要你呢？」
A019-ending,A019,得知我养了三个备胎后。,data/articles/0019-把不要的备胎卖给室友后.txt,结尾余韵,其他|结尾余韵|人设亮相,922,924,"再多个陆舟⽩，四个⼈只能玩麻将了。
三个男人一台戏的画面已经在我脑海中浮现了。
今晚注定难眠……"
A020-opening,A020,古代的嫡女和庶女会嫁给同一个人吗？,data/articles/0020-春日无雨.txt,开头钩子,甜虐关系|开头钩子|情感拉扯|人设亮相,1,5,"父亲有很多私生女。
有才华横溢的，有能歌善舞的，也有容貌倾城的。
他网罗天下美人，生了一个又一个小美人。
这里面，他最喜欢喜黛。
于是，我也最讨厌喜黛。"
A020-intro,A020,古代的嫡女和庶女会嫁给同一个人吗？,data/articles/0020-春日无雨.txt,主角亮相,甜虐关系|主角亮相|人设亮相,13,13,我却有自知之明。
A020-dialogue,A020,古代的嫡女和庶女会嫁给同一个人吗？,data/articles/0020-春日无雨.txt,高张力对白,甜虐关系|高张力对白|人设亮相,32,32,我将嫁衣搁置一旁，问：「她人在哪？」
A020-ending,A020,古代的嫡女和庶女会嫁给同一个人吗？,data/articles/0020-春日无雨.txt,结尾余韵,甜虐关系|结尾余韵|人设亮相,721,723,"人总要往前看。
日后，等到外祖与长公主百年。
我希望，⾃己真的能长成自己的靠山了。"
A021-opening,A021,我对室友的老婆一见钟情了。,data/articles/0021-对室友的老婆一见钟情后.txt,开头钩子,校园|开头钩子|人设亮相,1,5,"室友每天晚上都会打电话。
老婆长、老婆短的腻歪。
我从没有羡慕过。
直到宿舍聚餐，我们见到他老婆。
竟然是一个长相完美，气质斯文的男生。"
A021-intro,A021,我对室友的老婆一见钟情了。,data/articles/0021-对室友的老婆一见钟情后.txt,主角亮相,校园|主角亮相|人设亮相,3,3,我从没有羡慕过。
A021-dialogue,A021,我对室友的老婆一见钟情了。,data/articles/0021-对室友的老婆一见钟情后.txt,高张力对白,校园|高张力对白|情感拉扯,28,28,「有女朋友就是好啊，天天秀恩爱。」
A021-ending,A021,我对室友的老婆一见钟情了。,data/articles/0021-对室友的老婆一见钟情后.txt,结尾余韵,校园|结尾余韵|情感拉扯|人设亮相,770,772,"我满眼爱意地看着他。
「不会，我很爱你。」
「江铎，我们天生一对。」"
A022-opening,A022,和江野离婚后，他转头牵起了白月光的手。,data/articles/0022-四野星芒.txt,开头钩子,都市婚恋|开头钩子|人设亮相,1,2,"再次见面，我在酒吧驻唱，他怀里换了美女。
我已然回到了原本的轨迹，而他，却好像再也回不去了。"
A022-intro,A022,和江野离婚后，他转头牵起了白月光的手。,data/articles/0022-四野星芒.txt,主角亮相,都市婚恋|主角亮相|人设亮相,2,2,我已然回到了原本的轨迹，而他，却好像再也回不去了。
A022-dialogue,A022,和江野离婚后，他转头牵起了白月光的手。,data/articles/0022-四野星芒.txt,高张力对白,都市婚恋|高张力对白|人设亮相,45,45,他说：「你歌唱得不赖，人也看着顺眼，要不要跟我结婚应付家里？」
A022-ending,A022,和江野离婚后，他转头牵起了白月光的手。,data/articles/0022-四野星芒.txt,结尾余韵,都市婚恋|结尾余韵,414,416,"江氏集团公子醉酒驾车，跟车子一起冲进了江里。
没有人知道，那天是他跟孟星尘相遇的日子。
他只是去见他的姑娘了。"
A023-opening,A023,十岁，妹妹生日，想要一个洋娃娃。,data/articles/0023-梧桐.txt,开头钩子,甜虐关系|开头钩子|人设亮相,1,5,"爸爸说：「你去打姐姐一巴掌，我就给你买。」
于是我狠狠挨了一巴掌。
十七岁，爸爸送妹妹出国留学，但不准我读书。
我求了好久，他甩给我 300 块：「陈榆，老子不欠你。」
二十七岁，妹妹回国，看上我的丈夫，有意无意勾引。"
A023-intro,A023,十岁，妹妹生日，想要一个洋娃娃。,data/articles/0023-梧桐.txt,主角亮相,甜虐关系|主角亮相|人设亮相,4,4,我求了好久，他甩给我 300 块：「陈榆，老子不欠你。」
A023-dialogue,A023,十岁，妹妹生日，想要一个洋娃娃。,data/articles/0023-梧桐.txt,高张力对白,甜虐关系|高张力对白|情感拉扯|人设亮相,30,30,宋与诚看着兔子形状的曲奇：「妈妈，你以前不都是只做我喜欢的小熊饼干吗？」
A023-ending,A023,十岁，妹妹生日，想要一个洋娃娃。,data/articles/0023-梧桐.txt,结尾余韵,甜虐关系|结尾余韵|人设亮相,622,624,"他也本该有更好的未来的。
不过，都跟我没关系了。
我的人生注定会走向更广阔的天地。"
A024-opening,A024,小姐定下亲事后，要放我出府。,data/articles/0024-好命.txt,开头钩子,甜虐关系|开头钩子|情感拉扯|人设亮相,1,5,"我乐滋滋地数着银子，思索以后开个糕点铺子。
可，老天总爱折磨好人。
未来姑爷死了，在战场尸骨无存。
夫人抱着小姐哭晕了几次，夜里却让人送来白绫。
小姐看着白绫说她不想死。"
A024-intro,A024,小姐定下亲事后，要放我出府。,data/articles/0024-好命.txt,主角亮相,甜虐关系|主角亮相|人设亮相,1,1,我乐滋滋地数着银子，思索以后开个糕点铺子。
A024-dialogue,A024,小姐定下亲事后，要放我出府。,data/articles/0024-好命.txt,高张力对白,甜虐关系|高张力对白,94,94,「卫家公子三日前战死沙场，尸骨无存，你猜大姐还能不能放你出府？」
A024-ending,A024,小姐定下亲事后，要放我出府。,data/articles/0024-好命.txt,结尾余韵,甜虐关系|结尾余韵|人设亮相,1304,1306,"都在骗我。
一点都不甜。
娘，我想了一辈子的糖葫芦，可真苦啊。"
A025-opening,A025,妹妹外出救人时留的是我的名字，所以谢安来求娶时说的也是我的名字。,data/articles/0025-不做笼中雀.txt,开头钩子,都市婚恋|开头钩子|人设亮相,1,5,"成婚掀盖头时，我并未看出谢安眸底闪过的那抹错愕。
婚事虽不如他意，他却也与我相敬如宾了一辈子。
后来妹妹丧夫回母家，谢安曾多次相助。
我那时才知，他一直想娶的是她。
「不过是旧时念想，如今各自嫁娶，我只当她是妹妹。」"
A025-intro,A025,妹妹外出救人时留的是我的名字，所以谢安来求娶时说的也是我的名字。,data/articles/0025-不做笼中雀.txt,主角亮相,都市婚恋|主角亮相|人设亮相,1,1,成婚掀盖头时，我并未看出谢安眸底闪过的那抹错愕。
A025-dialogue,A025,妹妹外出救人时留的是我的名字，所以谢安来求娶时说的也是我的名字。,data/articles/0025-不做笼中雀.txt,高张力对白,都市婚恋|高张力对白|人设亮相,5,5,「不过是旧时念想，如今各自嫁娶，我只当她是妹妹。」
A025-ending,A025,妹妹外出救人时留的是我的名字，所以谢安来求娶时说的也是我的名字。,data/articles/0025-不做笼中雀.txt,结尾余韵,都市婚恋|结尾余韵|人设亮相,914,916,"每⼀次, 她⾝旁都是姜珣。
恨明⽉曾独照我, 恨明月独不照我。
谢安忘了自己等了多久，他只记得每个夜晚, 他抬起头，月亮总是那么远，那么冷。"
A026-opening,A026,复合后半年，姜珣在网上发了条表扬帖：,data/articles/0026-脱敏式分手.txt,开头钩子,其他|开头钩子|关系破裂|轻喜反差,1,5,"【女友将近半年没提分手，没耍小脾气，必须公开表扬！】
网友纷纷嘲笑：
【人家都慢慢脱敏了，还表扬？】
【难怪你们男的老说被断崖式分手，合着是别人伤心生气都没察觉。】
【博主还沾沾自喜呢，殊不知这才是对方累了的表现……】"
A026-intro,A026,复合后半年，姜珣在网上发了条表扬帖：,data/articles/0026-脱敏式分手.txt,主角亮相,其他|主角亮相|人设亮相,11,11,我正在看脱口秀。
A026-dialogue,A026,复合后半年，姜珣在网上发了条表扬帖：,data/articles/0026-脱敏式分手.txt,高张力对白,其他|高张力对白|人设亮相,22,22,「怎么，觉得一哭二闹不管用，开始玩『哀莫大于心死』的把戏，逼我向你妥协？」
A026-ending,A026,复合后半年，姜珣在网上发了条表扬帖：,data/articles/0026-脱敏式分手.txt,结尾余韵,其他|结尾余韵|情感拉扯,638,640,"⽽不是耗尽所有的力量与快乐，去维系⼀段千疮百孔的喜欢。
往前走吧。
微风不燥，春天正好。"
A027-opening,A027,脸盲的我有三个夫君,data/articles/0027-脸盲的我嫁了三个夫君.txt,开头钩子,都市婚恋|甜虐关系|开头钩子|人设亮相,1,5,"我有脸盲症。
新婚的丈夫是个茶商。
他隔三差五不在家。
可每次回家都很缠人。
有时动作温柔似水。"
A027-intro,A027,脸盲的我有三个夫君,data/articles/0027-脸盲的我嫁了三个夫君.txt,主角亮相,都市婚恋|甜虐关系|主角亮相|人设亮相,1,1,我有脸盲症。
A027-dialogue,A027,脸盲的我有三个夫君,data/articles/0027-脸盲的我嫁了三个夫君.txt,高张力对白,都市婚恋|甜虐关系|高张力对白,45,45,「那个，你有什么想要的吗？金银珠宝都可以。」
A027-ending,A027,脸盲的我有三个夫君,data/articles/0027-脸盲的我嫁了三个夫君.txt,结尾余韵,都市婚恋|甜虐关系|结尾余韵|人设亮相,909,911,"我也握住他的⼿。
不管发⽣什么。
我们四个把日子过好比什么都重要。"
A028-opening,A028,跳下跨江大桥这个决定。,data/articles/0028-天使吻痕.txt,开头钩子,重逢修罗场|甜虐关系|开头钩子|情感拉扯|人设亮相,1,5,"我没有告诉林槐许。
一是医生说我的病大概率治不好了。
二是我知道他其实并不爱我。
于是那天像往常一样对他说拜拜。
靠着门框的男人懒散地看着我。"
A028-intro,A028,跳下跨江大桥这个决定。,data/articles/0028-天使吻痕.txt,主角亮相,重逢修罗场|甜虐关系|主角亮相|人设亮相,1,1,我没有告诉林槐许。
A028-dialogue,A028,跳下跨江大桥这个决定。,data/articles/0028-天使吻痕.txt,高张力对白,重逢修罗场|甜虐关系|高张力对白|人设亮相,39,39,「希望以后我们有多多合作的机会……呀！」
A028-ending,A028,跳下跨江大桥这个决定。,data/articles/0028-天使吻痕.txt,结尾余韵,重逢修罗场|甜虐关系|结尾余韵|情感拉扯|人设亮相,1127,1129,"「嗯？我们这边不说谢哦。」
「那说什么？」
「说爱。」"
A029-opening,A029,我把宠物当祖宗，养得油光水滑捧上了天。,data/articles/0029-心尖宠是白眼狼，统统发卖！.txt,开头钩子,弹幕/评论|甜虐关系|开头钩子|信息外挂|轻喜反差|情感拉扯|人设亮相,1,5,"富二代闺蜜对它们爱不释手，开玩笑说：
「你家宝贝全都又乖又漂亮，要不卖给我？价钱你随便出！」
我没当真，可眼前却突然出现弹幕：
【炮灰到底什么时候死啊！养不好就不要养嘛，男主们跟着她只能吃糠咽菜，好心疼！要不是得借她化形，男主们才不用委屈自己！】
【快了快了！炮灰得了脑瘤没钱治，马上就会死的，等她一死，三个男主就能跟女主回家，过上没羞没臊的好日子了！】"
A029-intro,A029,我把宠物当祖宗，养得油光水滑捧上了天。,data/articles/0029-心尖宠是白眼狼，统统发卖！.txt,主角亮相,弹幕/评论|甜虐关系|主角亮相|信息外挂|人设亮相,3,3,我没当真，可眼前却突然出现弹幕：
A029-dialogue,A029,我把宠物当祖宗，养得油光水滑捧上了天。,data/articles/0029-心尖宠是白眼狼，统统发卖！.txt,高张力对白,弹幕/评论|甜虐关系|高张力对白|情感拉扯|人设亮相,33,33,「比起我，它们说不定还更喜欢你呢！」
A029-ending,A029,我把宠物当祖宗，养得油光水滑捧上了天。,data/articles/0029-心尖宠是白眼狼，统统发卖！.txt,结尾余韵,弹幕/评论|甜虐关系|结尾余韵|情感拉扯|人设亮相,545,547,"曾经那份对⽑茸茸⼩⽣命的喜爱和怜悯。
早已在那场背叛和⽣死考验中被消磨殆尽。
如今，我只享受一个人独处的宁静和自由。"
A030-opening,A030,余川自我,data/articles/0030-另一个我.txt,开头钩子,其他|开头钩子|人设亮相,1,5,"我独居。
但洗手台上却有两把牙刷。
我没买过第二把。
有时候半夜醒来，我会听到浴室里传来哼歌的声音。
那是我的声音。"
A030-intro,A030,余川自我,data/articles/0030-另一个我.txt,主角亮相,其他|主角亮相|人设亮相,1,1,我独居。
A030-dialogue,A030,余川自我,data/articles/0030-另一个我.txt,高张力对白,其他|高张力对白|情感拉扯|人设亮相,10,10,「终于发现我了？亲爱的……我也想试试睡在床上的感觉。」
A030-ending,A030,余川自我,data/articles/0030-另一个我.txt,结尾余韵,其他|结尾余韵|人设亮相,574,576,"他不是从镜⼦⾥跑出来的怪物。
他是上帝送给我的另一半灵魂。
是来完整我、拯救我的，独一无二的江宴。"
A031-opening,A031,燕侯为了报恩娶我，却对我冷淡多年，我成了上阳闻名的无宠侯夫人。,data/articles/0031-似曾相识燕归来.txt,开头钩子,古言/宫廷|身份反差|开头钩子|关系破裂|轻喜反差|人设亮相,1,5,"他为心上人冲冠一怒，连下十城，却让我沦为燕地笑柄。
预备同他和离那晚。
我重生了。
重回了燕侯当众被逼报恩娶我那日。
我盈盈一拜，婉拒道："
A031-intro,A031,燕侯为了报恩娶我，却对我冷淡多年，我成了上阳闻名的无宠侯夫人。,data/articles/0031-似曾相识燕归来.txt,主角亮相,古言/宫廷|身份反差|主角亮相|人设亮相,3,3,我重生了。
A031-dialogue,A031,燕侯为了报恩娶我，却对我冷淡多年，我成了上阳闻名的无宠侯夫人。,data/articles/0031-似曾相识燕归来.txt,高张力对白,古言/宫廷|身份反差|高张力对白|情感拉扯,28,28,「可是君侯早就有君夫人了呀，她那样喜欢君侯。现在这样，君夫人该如何自处呢？」
A031-ending,A031,燕侯为了报恩娶我，却对我冷淡多年，我成了上阳闻名的无宠侯夫人。,data/articles/0031-似曾相识燕归来.txt,结尾余韵,古言/宫廷|身份反差|结尾余韵|人设亮相,468,470,"我感受着身下沉稳年轻的身体，终于听清新曲里的那句词。
偏偏正好是一句。
似曾相识燕归来。"
A032-opening,A032,我的师父季羡是整个大和最神秘的画师。,data/articles/0032-似曾相识燕归来.txt,开头钩子,古言/宫廷|开头钩子|人设亮相,1,5,"大家都恭敬地叫他一声北斋先生。
昨天夜里，他突然死了。
我拿上了他的毛笔与纸砚，一路走一路想。
微弱的线索指向那深宫后苑中。
深思良久，我叹叹气，敲开了皇宫的大门。"
A032-intro,A032,我的师父季羡是整个大和最神秘的画师。,data/articles/0032-似曾相识燕归来.txt,主角亮相,古言/宫廷|主角亮相|人设亮相,3,3,我拿上了他的毛笔与纸砚，一路走一路想。
A032-dialogue,A032,我的师父季羡是整个大和最神秘的画师。,data/articles/0032-似曾相识燕归来.txt,高张力对白,古言/宫廷|高张力对白|人设亮相,69,69,突然间，我想到件要紧的事：「那个右霖是谁？我去杀了她。」
A032-ending,A032,我的师父季羡是整个大和最神秘的画师。,data/articles/0032-似曾相识燕归来.txt,结尾余韵,古言/宫廷|结尾余韵|人设亮相,625,627,"过了很久，我才轻声说了声：
「好啊。」
（完）"
A033-opening,A033,凉月变样,data/articles/0033-第六次攻略.txt,开头钩子,系统/攻略|开头钩子|信息外挂|人设亮相,1,5,"我攻略了周京叙五次。
每次都是以不同的模样。
每次都是美女。
最后一次，他居高临下地望着我：
「赵幼恩，别舔了，你化成灰我都认识你。"
A033-intro,A033,凉月变样,data/articles/0033-第六次攻略.txt,主角亮相,系统/攻略|主角亮相|信息外挂|人设亮相,1,1,我攻略了周京叙五次。
A033-dialogue,A033,凉月变样,data/articles/0033-第六次攻略.txt,高张力对白,系统/攻略|高张力对白|人设亮相,6,6,「实话告诉你，我就是从这里跳下去，也不会跟你在一起。」
A033-ending,A033,凉月变样,data/articles/0033-第六次攻略.txt,结尾余韵,系统/攻略|结尾余韵|人设亮相,1862,1864,"【他妈的, 谁来救救我，要怎么跟宿主解绑？老子一天都受不了了！
【草，救命啊！】
《完》"
A034-opening,A034,和许寂冷战分手两个月，他还是没给我发一条消息。,data/articles/0034-拜金女配看到弹幕后.txt,开头钩子,弹幕/评论|现实反差|甜虐关系|开头钩子|信息外挂|轻喜反差|情感拉扯|人设亮相,1,5,"我忍不住，想要先低头服软。
却在当天，突然收到了贫困生傅淮汀的表白。
我本来要拒绝，眼前竟然闪现了一大片弹幕——
「笑死，女配还真以为傅淮汀喜欢她啊。」
「就是和女主大冒险赌输了，被逼无奈出来告白罢了。」"
A034-intro,A034,和许寂冷战分手两个月，他还是没给我发一条消息。,data/articles/0034-拜金女配看到弹幕后.txt,主角亮相,弹幕/评论|现实反差|甜虐关系|主角亮相|人设亮相,1,1,我忍不住，想要先低头服软。
A034-dialogue,A034,和许寂冷战分手两个月，他还是没给我发一条消息。,data/articles/0034-拜金女配看到弹幕后.txt,高张力对白,弹幕/评论|现实反差|甜虐关系|高张力对白|人设亮相,8,8,「没关系没关系，等他被认回北城傅家豪门，身家过亿，我们女主就会主动和他和好啦！」
A034-ending,A034,和许寂冷战分手两个月，他还是没给我发一条消息。,data/articles/0034-拜金女配看到弹幕后.txt,结尾余韵,弹幕/评论|现实反差|甜虐关系|结尾余韵|情感拉扯|人设亮相,864,866,"然后摸了摸他的嘴角，凑向他的耳朵。
「要爱我, 忠于我，听我的话。」
「一辈子对我好，知道吗？」"
A035-opening,A035,甜朵打人,data/articles/0035-落月.txt,开头钩子,都市婚恋|甜虐关系|开头钩子|轻喜反差|情感拉扯|人设亮相,1,5,"我的未婚夫和亲哥恨了我十年。
坚信我霸凌了他们喜欢的小白花。
并在我的订婚宴上，向世人揭发我的罪行。
「她就是个霸凌同学的败类！」
全网直播的视频里，小白花含泪微笑："
A035-intro,A035,甜朵打人,data/articles/0035-落月.txt,主角亮相,都市婚恋|甜虐关系|主角亮相|人设亮相,1,1,我的未婚夫和亲哥恨了我十年。
A035-dialogue,A035,甜朵打人,data/articles/0035-落月.txt,高张力对白,都市婚恋|甜虐关系|高张力对白|轻喜反差|人设亮相,28,28,一边淋，一边笑着问我：「你猜，他们会信我，还是信你？」
A035-ending,A035,甜朵打人,data/articles/0035-落月.txt,结尾余韵,都市婚恋|甜虐关系|结尾余韵|人设亮相,936,938,"车窗外，一轮弯月高悬天边, 将浓墨似的夜幕照亮了一角。
等这一夜过去，月亮落下。
我的太阳，就会重新升起来了。"
A036-opening,A036,大学毕业后，家里给我全款买了房子。,data/articles/0036-男朋友的极限房贷.txt,开头钩子,校园|开头钩子|人设亮相,1,5,"男朋友家不甘落后，也给他凑了首付，每月还贷 6000。
我无语道：「你一个月挣 6500，还完贷要靠什么生活？」
还得租房，还得吃喝，他是打算活在山洞里？
谁知男友暧昧地蹭了蹭我，比心道：「不是还有你么，宝宝，求富婆，求包养~~」
我大声说：「不好意思啊，我们新时代女性不流行扶贫！」"
A036-intro,A036,大学毕业后，家里给我全款买了房子。,data/articles/0036-男朋友的极限房贷.txt,主角亮相,校园|主角亮相|人设亮相,2,2,我无语道：「你一个月挣 6500，还完贷要靠什么生活？」
A036-dialogue,A036,大学毕业后，家里给我全款买了房子。,data/articles/0036-男朋友的极限房贷.txt,高张力对白,校园|高张力对白,17,17,可爸妈却无比坚定，道：「悦悦，你一个女孩子在这里工作，怎么也得有个落脚的地方，将来嫁了人，这套房也是你的底气！」
A036-ending,A036,大学毕业后，家里给我全款买了房子。,data/articles/0036-男朋友的极限房贷.txt,结尾余韵,校园|结尾余韵|情感拉扯|人设亮相,530,532,"不爱我的人，只会让我不断成长。
我至少要谢谢霍鹏, 让我长大了。
以后，我要和真正爱我的人在一起，过幸福快乐的日子！"
A037-opening,A037,夫君战死的消息传来时，我肚里的孩子还不足五月。,data/articles/0037-似曾相识燕归来.txt,开头钩子,古言/宫廷|甜虐关系|开头钩子|人设亮相,1,5,"他灵柩归京那天，我改嫁摄政王府。
传闻摄政王手刃母妃，剥皮啖肉，是个彻头彻尾的疯子。
世人都道我薄情寡义。
多好。
疯子和淫妇，不死不休。"
A037-intro,A037,夫君战死的消息传来时，我肚里的孩子还不足五月。,data/articles/0037-似曾相识燕归来.txt,主角亮相,古言/宫廷|甜虐关系|主角亮相|轻喜反差|情感拉扯|人设亮相,9,9,我是镇北候夫人，却在夫君尸骨未寒之际改嫁入摄政王府，何其可笑。
A037-dialogue,A037,夫君战死的消息传来时，我肚里的孩子还不足五月。,data/articles/0037-似曾相识燕归来.txt,高张力对白,古言/宫廷|甜虐关系|高张力对白|人设亮相,18,18,「阿嫂别答应这个畜生！我不怕死！」牧燕知话还没说完便被踢倒在地。
A037-ending,A037,夫君战死的消息传来时，我肚里的孩子还不足五月。,data/articles/0037-似曾相识燕归来.txt,结尾余韵,古言/宫廷|甜虐关系|结尾余韵,586,588,"「皎皎。
「皎皎……」
明月高悬于天际皎皎生辉，春来燕回，海晏河清。"
A038-opening,A038,第1节,data/articles/0038-解甲.txt,开头钩子,甜虐关系|开头钩子|情感拉扯,1,5,"《解甲》
文案：
“传说，这世间最锋利的兵器名唤解甲。它由相爱之人的执念所化，能够卸下任何人的心防。”
孤女肖南回，生于贫瘠之地岭西宿岩。
六岁时因缘际会，被讨伐叛军的肃北军将领肖准收为义女，后取名南回，意为终有一日要向南回到这里，夺回落陷的失地。"
A038-intro,A038,第1节,data/articles/0038-解甲.txt,主角亮相,甜虐关系|主角亮相,1,1,《解甲》
A038-dialogue,A038,第1节,data/articles/0038-解甲.txt,高张力对白,甜虐关系|高张力对白|人设亮相,69,69,“什么事？说完赶紧腾地，我这忙得要死。”
A038-ending,A038,第1节,data/articles/0038-解甲.txt,结尾余韵,甜虐关系|结尾余韵|人设亮相,22986,22988,"作者有话要说：
《解甲》至此完结，未来一段时间可能会不定期修文，个别章节看不了的话不要着急，等待审查结束就能正常阅读了。
再次感谢大家的支持。来日方长，我们下个故事见啦。"
A039-opening,A039,「如果丈夫不回家，一年给你二十万，你愿意不？」,data/articles/0039-解甲归甜.txt,开头钩子,古言/宫廷|开头钩子|人设亮相,1,5,"我在网上填了一份调查问卷，意外穿越成了侯府续弦。
丈夫戍守边关，一年不回家。
偌大的侯府我一个人可劲儿造，府库里白花花的银子随便花。
无聊了还有无痛当妈的小正太，陪聊解闷。
日正过得正爽时。"
A039-intro,A039,「如果丈夫不回家，一年给你二十万，你愿意不？」,data/articles/0039-解甲归甜.txt,主角亮相,古言/宫廷|主角亮相|人设亮相,1,1,我在网上填了一份调查问卷，意外穿越成了侯府续弦。
A039-dialogue,A039,「如果丈夫不回家，一年给你二十万，你愿意不？」,data/articles/0039-解甲归甜.txt,高张力对白,古言/宫廷|高张力对白|人设亮相,28,28,「毒妇！等我爹爹回来，必定会休了你。」
A039-ending,A039,「如果丈夫不回家，一年给你二十万，你愿意不？」,data/articles/0039-解甲归甜.txt,结尾余韵,古言/宫廷|结尾余韵|情感拉扯,675,677,"若说先婚后爱，也成！
反正人生总要有各种各样的尝试不是。
更何况，解侯这颜值！这身材！它出活啊！"
A040-opening,A040,表姐大婚那日，逃了婚。,data/articles/0040-柠歌.txt,开头钩子,古言/宫廷|都市婚恋|开头钩子|人设亮相,1,5,"姨母让我替嫁。
我抗拒无果，穿着不合身的婚服，被迫嫁入侯府。
当晚，清冷表哥挑起凤冠垂下来的流苏，看清我的容貌，眯了眯眼眸。
「怎么是你？」
我将前因后果告知表哥褚厌冰后，褚厌冰面无表情地离开寝殿。"
A040-intro,A040,表姐大婚那日，逃了婚。,data/articles/0040-柠歌.txt,主角亮相,古言/宫廷|都市婚恋|主角亮相|人设亮相,2,2,我抗拒无果，穿着不合身的婚服，被迫嫁入侯府。
A040-dialogue,A040,表姐大婚那日，逃了婚。,data/articles/0040-柠歌.txt,高张力对白,古言/宫廷|都市婚恋|高张力对白,56,56,「柠歌，你别怪爹狠心，爹实在是没钱养你。」
A040-ending,A040,表姐大婚那日，逃了婚。,data/articles/0040-柠歌.txt,结尾余韵,古言/宫廷|都市婚恋|结尾余韵|情感拉扯|人设亮相,619,621,"婆⺟哄着怀⾥的婴⼉。
「宝⻉，你爹的性子你可别学了去, 没⼈会喜欢的，以后会娶不到媳妇的。」
「你爹能娶到媳妇，那是祖⺟我一生行善积德积攒的福报。」"
A041-opening,A041,《将嫁》全集,data/articles/0041-将嫁.txt,开头钩子,古言/宫廷|开头钩子|人设亮相,2,5,"霍时英站在城门口，和她爹隔了两丈远，一身灰突突的短襟布衣，脚上的布鞋一只前面戳出一个洞来。
霍将军骑着高头大马，鲜衣铠甲，眯着眼睛看着她半晌：“卢龙寨守三日行吗？”
霍时英舔舔干裂的嘴唇，西北的日头烈，她也眯着眼看她爹，她爹霍真年轻的时候是个大纨绔，在西北边关混了二十年终于混成了一个老兵痞，他是她的上司，而且还是她爹。
霍时英垂下眼皮，用没露脚趾头的那只鞋踢了踢脚下的灰土：“羌人的大军只要开到这城底下，别说三天了，三个时辰都守不住。你就给我留了两千的兵，站城头上刚好填满，羌人这次来了二十万，他们就是叠着人梯一个个上来踩都能把我们踩死了。”霍时英这话说的闷突突的，一点都没有人家跑路她留下垫背的激愤，她蔫头耷脑闷闷的几句话，霍将军听着就有点不舒服了。"
A041-intro,A041,《将嫁》全集,data/articles/0041-将嫁.txt,主角亮相,古言/宫廷|主角亮相,1,1,01
A041-dialogue,A041,《将嫁》全集,data/articles/0041-将嫁.txt,高张力对白,古言/宫廷|高张力对白,22,22,霍时英说完懒得再搭理他们自己往城里走去，走出十几步后面一阵滚雷一样的铿锵之声跟着就来了：“将军还说了，此乃国难，卢龙寨一役至关生死，拜托都尉了！”
A041-ending,A041,《将嫁》全集,data/articles/0041-将嫁.txt,结尾余韵,古言/宫廷|结尾余韵|人设亮相,3931,3933,"承嗣回身摊手道：“你比我惨，至少我爹还是亲爹。”
东俊无比沮丧，无比担忧自己将要多出一个后爹来，晚上闹心得睡不着，看见睡在―边的承嗣留着口水打着呼噜，心里异常愤恨，觉得他比自己多了一个亲爹，占了莫大的便宜，在他再流着口水往他肩上靠过来的时候，一脚给他端到墙上贴着去了。
【全书终】"
A042-opening,A042,何不同舟渡,data/articles/0042-何不同舟渡.txt,开头钩子,古言/宫廷|身份反差|开头钩子,1,5,"简介：
【无金手指无穿越无重生，纯古言家国天下+高智商谍战权谋】
【卧底双面间谍+成长型小女贼：一匹孤狼玩养成游戏将一只兔子养出獠牙后非要跟她双宿双飞的故事】
她是乱世里最如草芥的一个贼，为了活命无所不用其极
她偷了一位公子的十两纹银，殊不知他便是那位臭名昭著的叛国将军，手上沾满同胞的鲜血。"
A042-intro,A042,何不同舟渡,data/articles/0042-何不同舟渡.txt,主角亮相,古言/宫廷|身份反差|主角亮相,1,1,简介：
A042-dialogue,A042,何不同舟渡,data/articles/0042-何不同舟渡.txt,高张力对白,古言/宫廷|身份反差|高张力对白|人设亮相,34,34,“小毛贼，敢偷到我家店铺来！”那商贾劈头盖脸给了南衣一个耳光，忽而眼尖发现她右手腕子上有只玉镯，立刻不分青红皂白地伸手去褪，“还偷了我家夫人的首饰？拿来！”
A042-ending,A042,何不同舟渡,data/articles/0042-何不同舟渡.txt,结尾余韵,古言/宫廷|身份反差|结尾余韵,12537,12539,"但他还是要做那望川谷里的小神仙，他就是那道斜阳的奇迹，他在这片他从未踏足的土地上，同他们玩了个恶作剧。
他们要怀念他。他才是那个狡猾的人。
嘿，这人间，不算白来一遭。"
A043-opening,A043,我是异国送来的贡女，小心翼翼讨好轩辕澈五年。,data/articles/0043-永失永忘.txt,开头钩子,甜虐关系|开头钩子|情感拉扯|人设亮相,1,5,"床榻上使劲花样，腰窝盛酒讨他欢⼼。
第五年，我喝了太多避⼦药，好不容易有了⾝孕，才准备将这个喜讯告诉他。
就听⻅他声线凉薄，对着下属吩咐：
「两天之后，把沐颜送去最下等的军妓营，让她犒赏三军。」
下属吓了一跳，不可置信：「她不是最讨王上喜欢吗？」"
A043-intro,A043,我是异国送来的贡女，小心翼翼讨好轩辕澈五年。,data/articles/0043-永失永忘.txt,主角亮相,甜虐关系|主角亮相|人设亮相,7,7,我怀孕的事，下属没来得及告诉轩辕澈，就被他不耐烦打断。
A043-dialogue,A043,我是异国送来的贡女，小心翼翼讨好轩辕澈五年。,data/articles/0043-永失永忘.txt,高张力对白,甜虐关系|高张力对白|情感拉扯,5,5,下属吓了一跳，不可置信：「她不是最讨王上喜欢吗？」
A043-ending,A043,我是异国送来的贡女，小心翼翼讨好轩辕澈五年。,data/articles/0043-永失永忘.txt,结尾余韵,甜虐关系|结尾余韵|人设亮相,777,779,"国仇家恨，都没有原谅这个词。
隔着太多东西的两个人, 就像是站在天河的两端，注定遥遥相望。
「下辈子，轩辕澈我们再也不要遇见了……」"
A044-opening,A044,我的男朋友是我连哄带骗哄来的。,data/articles/0044-男朋友总觉得我要和他分手.txt,开头钩子,其他|开头钩子|关系破裂|人设亮相,1,3,"一开始，他板着高岭之花的架势，无论我怎么如何表白，都无动于衷。
再后来，他越来越奶，越来越黏人，以为我要和他说分手，把自己胡乱灌醉，拉着我的手往他的头发上放。
「我不乖吗？只要我一个人不可以吗？绵绵讨厌我了吗？为什么不亲亲我，为什么不摸我的头？」"
A044-intro,A044,我的男朋友是我连哄带骗哄来的。,data/articles/0044-男朋友总觉得我要和他分手.txt,主角亮相,其他|主角亮相|人设亮相,5,5,我的男朋友是我连哄带骗哄来的。
A044-dialogue,A044,我的男朋友是我连哄带骗哄来的。,data/articles/0044-男朋友总觉得我要和他分手.txt,高张力对白,其他|高张力对白|人设亮相,34,34,我的额头仍然抵着他垂在额前的柔软发丝，轻声诱哄：「要不要继续？」
A044-ending,A044,我的男朋友是我连哄带骗哄来的。,data/articles/0044-男朋友总觉得我要和他分手.txt,结尾余韵,其他|结尾余韵,463,465,"这个小秘密，等他醒来了，就和他说。
【完】
□ bibi 不懂"
A045-opening,A045,我天生克夫，一连克死三个青年才俊。,data/articles/0045-掌公主和亲历险记.txt,开头钩子,其他|开头钩子|人设亮相,1,5,"父皇灵机一动，把我送去和亲。
「皇儿，去！克死北边那个龟孙！」
我瑟瑟发抖，听说北朝皇帝也是个命硬的，出生时就被预言克妻。
父皇斗志昂扬：
「克他！看谁克得过谁！」"
A045-intro,A045,我天生克夫，一连克死三个青年才俊。,data/articles/0045-掌公主和亲历险记.txt,主角亮相,其他|主角亮相|人设亮相,3,3,我瑟瑟发抖，听说北朝皇帝也是个命硬的，出生时就被预言克妻。
A045-dialogue,A045,我天生克夫，一连克死三个青年才俊。,data/articles/0045-掌公主和亲历险记.txt,高张力对白,其他|高张力对白,2,2,「皇儿，去！克死北边那个龟孙！」
A045-ending,A045,我天生克夫，一连克死三个青年才俊。,data/articles/0045-掌公主和亲历险记.txt,结尾余韵,其他|结尾余韵,711,713,"险，差，死。
想。
（完）"
A046-opening,A046,荷包求娶郎,data/articles/0046-香包赠情郎.txt,开头钩子,都市婚恋|开头钩子|人设亮相,1,5,"偶然搭救进京赶考的落魄书生。
临别时依依不舍，我赠他香囊定情：「待公子高中，莫要将我忘了。」
他一步三回头地去了。
金銮殿上，皇帝为今科状元赐婚。
他伏地请罪：「臣已有心上人，非她不娶。」"
A046-intro,A046,荷包求娶郎,data/articles/0046-香包赠情郎.txt,主角亮相,都市婚恋|主角亮相|人设亮相,14,14,我站在书生面前，替他扶一扶巾帽，捋一捋衣襟，眼角泛红，眼底带泪。
A046-dialogue,A046,荷包求娶郎,data/articles/0046-香包赠情郎.txt,高张力对白,都市婚恋|高张力对白|人设亮相,36,36,见我瞪她，赶忙又问：「送出这许多香囊，万一都中了举，小姐你还能拆作两个嫁了？」
A046-ending,A046,荷包求娶郎,data/articles/0046-香包赠情郎.txt,结尾余韵,都市婚恋|结尾余韵,775,777,"画的是一对神仙眷侣，缥缈山色, 云中白鸟连绵，相伴而去。
当然，这都是后话了。
（完）"
A047-opening,A047,意外穿成了修仙文女配的剑灵。,data/articles/0047-意外穿成修仙文女配的剑灵后.txt,开头钩子,仙侠/修仙|身份反差|开头钩子|人设亮相,1,5,"每当被人用万剑归宗召唤时，我去了都会把别的剑揍一顿。
剑的主人找上门来讨说法，不善言辞的女配只能窝窝囊囊地赔了好多灵石。
后来，得知我把剑修第一人的剑揍了时，女配天都塌了。
她拎着我，头一回那么口齿伶俐：
「你、你揍谁的剑不好，怎么偏偏揍谢无命的剑呢？」"
A047-intro,A047,意外穿成了修仙文女配的剑灵。,data/articles/0047-意外穿成修仙文女配的剑灵后.txt,主角亮相,仙侠/修仙|身份反差|主角亮相|人设亮相,12,12,我本以为会过上每天和女配出去跟人友好（恶意）交流（挑衅）的日子。
A047-dialogue,A047,意外穿成了修仙文女配的剑灵。,data/articles/0047-意外穿成修仙文女配的剑灵后.txt,高张力对白,仙侠/修仙|身份反差|高张力对白,52,52,「你的主人该不会还没连上灵网吧？竟然连常用万剑归宗的剑修有哪几位都不知道？」
A047-ending,A047,意外穿成了修仙文女配的剑灵。,data/articles/0047-意外穿成修仙文女配的剑灵后.txt,结尾余韵,仙侠/修仙|身份反差|结尾余韵|情感拉扯|人设亮相,535,537,"嗯……我也很喜欢她。
所以我给她留了在我离开后依旧能登入灵网的权限。
希望她会喜欢这个谢礼。"
A048-opening,A048,恐怖女人村,data/articles/0048-竹马被别人攻略了.txt,开头钩子,奇幻/异种|开头钩子|人设亮相,1,5,"作为晏正阳的顶极舔狗，
我陪他奶奶跳过广场舞。
陪他爷爷下过围棋。
陪他妈妈打过麻将。
陪他爸爸……"
A048-intro,A048,恐怖女人村,data/articles/0048-竹马被别人攻略了.txt,主角亮相,奇幻/异种|主角亮相|人设亮相,2,2,我陪他奶奶跳过广场舞。
A048-dialogue,A048,恐怖女人村,data/articles/0048-竹马被别人攻略了.txt,高张力对白,奇幻/异种|高张力对白|情感拉扯|人设亮相,18,18,「晏阿姨，我带了你爱吃的菠萝包，还有奶奶喜欢的蛋挞 。」
A048-ending,A048,恐怖女人村,data/articles/0048-竹马被别人攻略了.txt,结尾余韵,奇幻/异种|结尾余韵,2471,2473,"气氛暧昧到无以复加。
蠢蠢欲动间，那熟悉的触感袭来。
心中一片旖旎。"
A049-opening,A049,我自幼就被霍家当成儿媳培养。,data/articles/0049-逝水.txt,开头钩子,都市婚恋|开头钩子|人设亮相,1,5,"二十岁，我与霍倾结婚。
二十四岁，我生下了霍屿时。
霍屿时与霍倾很像，总是沉默寡言，和我不太亲近。
过去的每晚，我都会在临睡前给他们父子送上一杯热牛奶。
可这天，霍倾失手打翻了杯子，霍屿时偷偷倒掉了牛奶。"
A049-intro,A049,我自幼就被霍家当成儿媳培养。,data/articles/0049-逝水.txt,主角亮相,都市婚恋|主角亮相|人设亮相,6,6,我忽然有些倦了。
A049-dialogue,A049,我自幼就被霍家当成儿媳培养。,data/articles/0049-逝水.txt,高张力对白,都市婚恋|高张力对白|人设亮相,89,89,他似乎刚起床，嗓音低哑地问我：「林渺，去年拍卖会你给我买的那对红宝石袖扣放在哪儿？」
A049-ending,A049,我自幼就被霍家当成儿媳培养。,data/articles/0049-逝水.txt,结尾余韵,都市婚恋|结尾余韵,570,572,"这一刻，滔天的悔意压得霍倾喘不上来气。
他高大的身影渐渐地从玄关处滑落。
黑暗中传来他痛苦的悲鸣。"
A050-opening,A050,我女扮男装考科举、做大官，结果有天突然收到皇帝的情书：「朕的袖子，为你而断。」,data/articles/0050-我就是这样女子.txt,开头钩子,其他|开头钩子|人设亮相,1,5,"我：？？？
1
我出生镇国公府上，父亲早逝，哥哥多病。
我娘从夜哭到明，从明哭到夜，我跟她说：
「哭有什么用啊？一天天就知道哭，福气都给你哭掉了。」"
A050-intro,A050,我女扮男装考科举、做大官，结果有天突然收到皇帝的情书：「朕的袖子，为你而断。」,data/articles/0050-我就是这样女子.txt,主角亮相,其他|主角亮相|人设亮相,1,1,我：？？？
A050-dialogue,A050,我女扮男装考科举、做大官，结果有天突然收到皇帝的情书：「朕的袖子，为你而断。」,data/articles/0050-我就是这样女子.txt,高张力对白,其他|高张力对白|人设亮相,22,22,我娘抹着眼泪说：「可你一直做男装打扮，岂不是一辈子都嫁不出去了？」
A050-ending,A050,我女扮男装考科举、做大官，结果有天突然收到皇帝的情书：「朕的袖子，为你而断。」,data/articles/0050-我就是这样女子.txt,结尾余韵,其他|结尾余韵,691,693,"她伸出手，赵宿牵了上去。
——有些飞鸟是囚不住的。
——她能带你一起飞。"
A051-opening,A051,新房婆婆一分钱不出。,data/articles/0051-小丑.txt,开头钩子,都市婚恋|甜虐关系|开头钩子|轻喜反差|人设亮相,1,5,"装修好了，让小姑子来住。
我给拒绝了。
哪知进新房那天，婆婆和小姑子带着大包小包的行李过来了。
「新房住的人多才热闹，就你们两个太冷清了，我们来给你们添人气。」
我冷笑着问道："
A051-intro,A051,新房婆婆一分钱不出。,data/articles/0051-小丑.txt,主角亮相,都市婚恋|甜虐关系|主角亮相|人设亮相,2,2,我给拒绝了。
A051-dialogue,A051,新房婆婆一分钱不出。,data/articles/0051-小丑.txt,高张力对白,都市婚恋|甜虐关系|高张力对白|人设亮相,18,18,「我早就说你们不要买房，房价还要跌，你们急着买房干什么？」
A051-ending,A051,新房婆婆一分钱不出。,data/articles/0051-小丑.txt,结尾余韵,都市婚恋|甜虐关系|结尾余韵|人设亮相,481,483,"「传销的，不用管。」
我看着眼前给我挑鱼刺的男人，满意极了。
【全文完。】"
A052-opening,A052,我在美容院做保养，突然接到一个陌生人的电话。,data/articles/0052-我到底哪个老公出轨了.txt,开头钩子,都市婚恋|开头钩子|人设亮相,1,5,"电话那头的女人嚣张地说：「你老公现在在我床上！识相的主动退出！」
我愣了一下，随即激动地道：「你说的是我哪个老公？」
「你把我身家千亿的总裁老公抢了？还是高冷禁欲影帝老公？救命！不会是我白月光教授老公吧？我跟你拼了！」
电话那头一阵沉默，语气略带怨念：「你老公……这么多吗？」
我也愣了。"
A052-intro,A052,我在美容院做保养，突然接到一个陌生人的电话。,data/articles/0052-我到底哪个老公出轨了.txt,主角亮相,都市婚恋|主角亮相|人设亮相,2,2,我愣了一下，随即激动地道：「你说的是我哪个老公？」
A052-dialogue,A052,我在美容院做保养，突然接到一个陌生人的电话。,data/articles/0052-我到底哪个老公出轨了.txt,高张力对白,都市婚恋|高张力对白|人设亮相,3,3,「你把我身家千亿的总裁老公抢了？还是高冷禁欲影帝老公？救命！不会是我白月光教授老公吧？我跟你拼了！」
A052-ending,A052,我在美容院做保养，突然接到一个陌生人的电话。,data/articles/0052-我到底哪个老公出轨了.txt,结尾余韵,都市婚恋|结尾余韵|人设亮相,598,600,"「这一次，是我先抓住你的！」
「我要做大房！」
（完）"
A053-opening,A053,最万人嫌那年，我连续三次被收养家庭退回孤儿院。,data/articles/0053-反派被我驳傻了.txt,开头钩子,弹幕/评论|开头钩子|信息外挂|人设亮相,1,5,"因为我不仅有反驳型人格，我还嘴毒。
直到第十对夫妇带着一位小男孩来到孤儿院。
眼前突然出现弹幕：
【反派小少爷从小听多了马屁，被养得狂妄自大，谁敢反驳他一句，分分钟家破人亡。】
【反派爸妈也是没招了，这才想收养个乖顺的孩子，试图潜移默化反派。】"
A053-intro,A053,最万人嫌那年，我连续三次被收养家庭退回孤儿院。,data/articles/0053-反派被我驳傻了.txt,主角亮相,弹幕/评论|主角亮相|人设亮相,8,8,我百无聊赖地打着哈欠，一道张狂的声音响起：
A053-dialogue,A053,最万人嫌那年，我连续三次被收养家庭退回孤儿院。,data/articles/0053-反派被我驳傻了.txt,高张力对白,弹幕/评论|高张力对白|人设亮相,16,16,「妈妈！她敢反驳我！我要让她家破人亡！」
A053-ending,A053,最万人嫌那年，我连续三次被收养家庭退回孤儿院。,data/articles/0053-反派被我驳傻了.txt,结尾余韵,弹幕/评论|结尾余韵,916,918,"顾影安鬼魅般的声音在身后响起：
「继续啊，顾圆圆。」
（完）"
A054-opening,A054,霍璟偷走了我的日记。,data/articles/0054-尤苓到底暗恋谁.txt,开头钩子,校园|甜虐关系|开头钩子|情感拉扯|人设亮相,1,5,"他在宿舍炫耀：「尤苓也没那么难追，三个月就拿下了。你们不是好奇她天天写什么吗？现在一起看看呗。」
舍友闹腾着围上来：「兄弟，那还用说，肯定在日记里和你表白啊。」
翻开第一页。
【为了离他近一点，我答应了和霍璟谈恋爱。】
翻开第二页。"
A054-intro,A054,霍璟偷走了我的日记。,data/articles/0054-尤苓到底暗恋谁.txt,主角亮相,校园|甜虐关系|主角亮相|人设亮相,10,10,我就知道他已经看到了我那本瞎写的日记。
A054-dialogue,A054,霍璟偷走了我的日记。,data/articles/0054-尤苓到底暗恋谁.txt,高张力对白,校园|甜虐关系|高张力对白,1,1,他在宿舍炫耀：「尤苓也没那么难追，三个月就拿下了。你们不是好奇她天天写什么吗？现在一起看看呗。」
A054-ending,A054,霍璟偷走了我的日记。,data/articles/0054-尤苓到底暗恋谁.txt,结尾余韵,校园|甜虐关系|结尾余韵,829,831,"前路漫漫亦灿灿。
不必回头。
END"
A055-opening,A055,被认回豪门后。,data/articles/0055-假千金竹马团轮流勾引我怎么办.txt,开头钩子,弹幕/评论|真假千金|甜虐关系|开头钩子|信息外挂|情感拉扯|人设亮相,1,5,"假千金的竹马团背着她轮流勾引我。
我刚答应他们的告白，弹幕弹出：
【妹宝别上当，他们勾引你只不过是想拍下你的床照，让你身败名裂！】
【等你上钩了，他们还会故意设计让你错过高考，彻底毁了你的一生！】
我勾了勾唇，既然要勾引我，那是不是得投其所好。"
A055-intro,A055,被认回豪门后。,data/articles/0055-假千金竹马团轮流勾引我怎么办.txt,主角亮相,弹幕/评论|真假千金|甜虐关系|主角亮相|信息外挂|人设亮相,2,2,我刚答应他们的告白，弹幕弹出：
A055-dialogue,A055,被认回豪门后。,data/articles/0055-假千金竹马团轮流勾引我怎么办.txt,高张力对白,弹幕/评论|真假千金|甜虐关系|高张力对白,9,9,「这都三个月过去了，你们不会给她当狗当上瘾了吧！」
A055-ending,A055,被认回豪门后。,data/articles/0055-假千金竹马团轮流勾引我怎么办.txt,结尾余韵,弹幕/评论|真假千金|甜虐关系|结尾余韵|人设亮相,837,839,"秦家为了赔罪，也为了展现诚意。
拿出百分之一的股份送给我当作礼物。
至于秦砚，也就只配躲在暗处偷偷看着我。"
A056-opening,A056,得知自己是假千金的那天。,data/articles/0056-此消彼长.txt,开头钩子,真假千金|都市婚恋|身份反差|甜虐关系|开头钩子|关系破裂|情感拉扯|人设亮相,1,5,"我不敢再作。
不再想尽办法的查岗，不再歇斯底里的质问，彻底变成了沈宴洲最喜欢的乖巧妻子。
只因为我爸的警告。
「别的千金小姐离婚了还有娘家，你一个假千金离婚了还有什么？」
我彻底老实。"
A056-intro,A056,得知自己是假千金的那天。,data/articles/0056-此消彼长.txt,主角亮相,真假千金|都市婚恋|身份反差|甜虐关系|主角亮相|人设亮相,1,1,我不敢再作。
A056-dialogue,A056,得知自己是假千金的那天。,data/articles/0056-此消彼长.txt,高张力对白,真假千金|都市婚恋|身份反差|甜虐关系|高张力对白|关系破裂,4,4,「别的千金小姐离婚了还有娘家，你一个假千金离婚了还有什么？」
A056-ending,A056,得知自己是假千金的那天。,data/articles/0056-此消彼长.txt,结尾余韵,真假千金|都市婚恋|身份反差|甜虐关系|结尾余韵|轻喜反差|情感拉扯|人设亮相,597,599,"我笑了笑, 将银锁扔进正在烧火的壁炉。
连同信纸，一起泯灭。
从此爱恨，此消彼长。"
A057-opening,A057,如果全人类变成 1 厘米高并要攻打你，如何反击？,data/articles/0057-人类公敌.txt,开头钩子,系统/攻略|身份反差|开头钩子|信息外挂|人设亮相,1,5,"临近 11 点，经理突然召开部门会议，我就知道这顿午饭又悬了。
经理这人吧，每次开会讲话能侃侃而谈两个小时，经常让人昏昏欲睡。
就在我上下眼皮止不住打架正埋头偷偷打瞌睡时，一个电子音出现在我的耳边：
「恭喜你被主宰系统抽中。
「15 分钟后，全世界除你之外的所有人都将等比例缩小至 1 厘米的身高，他们将团结起来共同消灭你这唯一的正常人。"
A057-intro,A057,如果全人类变成 1 厘米高并要攻打你，如何反击？,data/articles/0057-人类公敌.txt,主角亮相,系统/攻略|身份反差|主角亮相|人设亮相,17,17,我再仔细看虚拟面板上的数据，发现倒计时正在按照正常时间流速变化，地球人口数量也在快速波动，时而增多，时而减少。大概是有新生儿降生，也有人正在死去吧。
A057-dialogue,A057,如果全人类变成 1 厘米高并要攻打你，如何反击？,data/articles/0057-人类公敌.txt,高张力对白,系统/攻略|身份反差|高张力对白|人设亮相,31,31,「经理，我家里出事了，我要马上赶去医院，但是现在打不到车，能借你的车用一下吗？」
A057-ending,A057,如果全人类变成 1 厘米高并要攻打你，如何反击？,data/articles/0057-人类公敌.txt,结尾余韵,系统/攻略|身份反差|结尾余韵|人设亮相,1295,1297,"「我不要这个，我要马车。长翅膀的马，能装下一栋别墅的车。」
……行, 都依你。
一匹白色的飞马，艰难地拉着一座城堡，飞向天际。"
A058-opening,A058,和女儿玩捉迷藏时，我故意锁上了她藏身的柜子。,data/articles/0058-柜中人.txt,开头钩子,其他|开头钩子|人设亮相,1,5,"而后，带着老婆和儿子火速搬家。
二十年后，我回到老家打算安葬女儿的尸体。
刚走到柜子前。
却听见稚嫩的女童音传来。
「爸爸，你终于要找到我了吗？」"
A058-intro,A058,和女儿玩捉迷藏时，我故意锁上了她藏身的柜子。,data/articles/0058-柜中人.txt,主角亮相,其他|主角亮相|人设亮相,17,17,我点头：「是，不过……」
A058-dialogue,A058,和女儿玩捉迷藏时，我故意锁上了她藏身的柜子。,data/articles/0058-柜中人.txt,高张力对白,其他|高张力对白,14,14,「会出什么事？」老婆追问道。
A058-ending,A058,和女儿玩捉迷藏时，我故意锁上了她藏身的柜子。,data/articles/0058-柜中人.txt,结尾余韵,其他|结尾余韵,806,808,"地窖入口的盖板完好。
柜门上的那把锁。
依旧扣得很紧。"
A059-opening,A059,我是沈剑尊的起居小弟子，每天打扫庭院，偶尔伺候他洗澡更衣。,data/articles/0059-拜宿敌为师后.txt,开头钩子,仙侠/修仙|甜虐关系|开头钩子|人设亮相,1,5,"外界高价收沈知舟出浴图，我是那种人吗？我人穷志不穷，人是要讲良心的！
我只卖了三份。
后来他看到我的天赋，收我为亲传弟子，我接触到最核心的剑诀心法。
只是翻车猝不及防，我的前师父，前前前师父，十几个人齐聚一堂，一个个双眼通红悼念我。
烧了的纸人，全往我身边聚拢……"
A059-intro,A059,我是沈剑尊的起居小弟子，每天打扫庭院，偶尔伺候他洗澡更衣。,data/articles/0059-拜宿敌为师后.txt,主角亮相,仙侠/修仙|甜虐关系|主角亮相|人设亮相,2,2,我只卖了三份。
A059-dialogue,A059,我是沈剑尊的起居小弟子，每天打扫庭院，偶尔伺候他洗澡更衣。,data/articles/0059-拜宿敌为师后.txt,高张力对白,仙侠/修仙|甜虐关系|高张力对白,33,33,「你已金仙境？剑道七重，还算勤勉。」
A059-ending,A059,我是沈剑尊的起居小弟子，每天打扫庭院，偶尔伺候他洗澡更衣。,data/articles/0059-拜宿敌为师后.txt,结尾余韵,仙侠/修仙|甜虐关系|结尾余韵|人设亮相,448,450,"「大罗佛手……你还当过和尚？！」
我的名声啊……
面对他们的视线，我移开脸咳了咳：「略懂罢了……」"
A060-opening,A060,祝神被扰,data/articles/0060-城南花开风又吹.txt,开头钩子,其他|开头钩子|人设亮相,1,5,"半夜开黑 timi，匹配到了闺蜜小号。
她拿着嗜血小蔡，追着我满峡谷乱飞，气得我终于忍不住开始发疯。
【辅助妹妹的手法好秀，可以交个朋友吗？】
【比起死亡黑屏，最感受到的是妹妹身上的香气。】
【妹妹怎么还不理我，是想让我把你关起来，然后亲亲亲亲亲亲成小蛋糕？】"
A060-intro,A060,祝神被扰,data/articles/0060-城南花开风又吹.txt,主角亮相,其他|主角亮相|人设亮相,10,10,我：？？？
A060-dialogue,A060,祝神被扰,data/articles/0060-城南花开风又吹.txt,高张力对白,其他|高张力对白,33,33,「射手这方法不错啊，感觉可以继续！」
A060-ending,A060,祝神被扰,data/articles/0060-城南花开风又吹.txt,结尾余韵,其他|结尾余韵|人设亮相,657,659,"风未动，幡亦未动。
是我心动。
花再开, 风在吹，雾弥漫，你我岁岁年年。"
A061-opening,A061,我是贵族学校里的团宠清纯贫困生。,data/articles/0061-我是贵族学校里的假团宠.txt,开头钩子,校园|现实反差|甜虐关系|开头钩子|轻喜反差|人设亮相,1,5,"直到真正的团宠到来，她比我更清纯，眼眶更红，泪水更楚楚动人。最重要的是，她更穷。
于是，奖学金最后一个名额，我的豪门男友叼着烟，把关键一票投给转校生。
事后，男友转了很多钱给我，轻飘飘的备注：补偿。
从来不肯花男友钱的我看着一连串的转账通知，凄凉一笑。
然后，五秒内刷刷刷点击接受，手速快出残影。"
A061-intro,A061,我是贵族学校里的团宠清纯贫困生。,data/articles/0061-我是贵族学校里的假团宠.txt,主角亮相,校园|现实反差|甜虐关系|主角亮相|人设亮相,13,13,我清点了一下，陆十安今天给我的补偿竟然有足足二十万。
A061-dialogue,A061,我是贵族学校里的团宠清纯贫困生。,data/articles/0061-我是贵族学校里的假团宠.txt,高张力对白,校园|现实反差|甜虐关系|高张力对白|情感拉扯|人设亮相,17,17,我连忙回复：「开心！爱你宝宝，么么！」
A061-ending,A061,我是贵族学校里的团宠清纯贫困生。,data/articles/0061-我是贵族学校里的假团宠.txt,结尾余韵,校园|现实反差|甜虐关系|结尾余韵|人设亮相,528,530,"他很快又爬起来，亦步亦趋的跟着我。
我没有回头，直直的往前走。
我从不回头。"
A062-opening,A062,我的爸妈不是人。,data/articles/0062-第三种可能.txt,开头钩子,其他|开头钩子|人设亮相,1,5,"是以折磨我和妹妹为乐的怪物。
又一次因客厅花盆摆向大吵半小时后，二人默契转身。
一个走向我的房门，一个逼近妹妹的卧室。
啪挞一声。
我闭紧双眼，尽量让呼吸平稳舒缓。"
A062-intro,A062,我的爸妈不是人。,data/articles/0062-第三种可能.txt,主角亮相,其他|主角亮相|人设亮相,5,5,我闭紧双眼，尽量让呼吸平稳舒缓。
A062-dialogue,A062,我的爸妈不是人。,data/articles/0062-第三种可能.txt,高张力对白,其他|高张力对白|人设亮相,18,18,「你哭什么？我问一句都不能问？我跟你妈就应该往死里干，再安安静静把心都掏给你？」
A062-ending,A062,我的爸妈不是人。,data/articles/0062-第三种可能.txt,结尾余韵,其他|结尾余韵|轻喜反差,669,671,"小姑娘有些害羞，但眼神直率，笑容灿烂。
一点也不像怪物。
真好。"
A063-opening,A063,被教授批评后，我心灰意冷。,data/articles/0063-网恋对象劝我别恋了.txt,开头钩子,奇幻/异种|甜虐关系|开头钩子|关系破裂|情感拉扯|人设亮相,1,5,"当场跟网恋对象分手。
方才劝我们「少恋爱、多读书」的物理系教授，突然脸色一变，
「今天就这样吧。」
众人哗然：「不加课题作业了？不留堂了？这还是大魔王吗？」
而我的手机在疯狂震动："
A063-intro,A063,被教授批评后，我心灰意冷。,data/articles/0063-网恋对象劝我别恋了.txt,主角亮相,奇幻/异种|甜虐关系|主角亮相|人设亮相,8,8,我叹气，交付最后的真诚：
A063-dialogue,A063,被教授批评后，我心灰意冷。,data/articles/0063-网恋对象劝我别恋了.txt,高张力对白,奇幻/异种|甜虐关系|高张力对白,22,22,「不是，就是关系比较微妙。比如你网恋野王，开盲盒开到自己死对头？」
A063-ending,A063,被教授批评后，我心灰意冷。,data/articles/0063-网恋对象劝我别恋了.txt,结尾余韵,奇幻/异种|甜虐关系|结尾余韵|轻喜反差|人设亮相,967,969,"一个高大的男人⾛进来，「抱歉, 路上堵了。这顿我请。」
他⾃然⽽然地坐到我⾝旁，朝我偏头一笑：
「小师妹，以后多多指教。」"
A064-opening,A064,分手三年后，在母婴店和前男友偶遇。,data/articles/0064-前男友硬说我家崽是他的种！.txt,开头钩子,重逢修罗场|开头钩子|人设亮相,1,4,"他躲在奶粉架后面，听到销售问我：「你家崽几岁了？」
我回道：「快两岁半。」
话音落下的瞬间，货架被人撞倒。
周旭站在一片狼藉中，双手颤抖着问：「是……是我的？」"
A064-intro,A064,分手三年后，在母婴店和前男友偶遇。,data/articles/0064-前男友硬说我家崽是他的种！.txt,主角亮相,重逢修罗场|主角亮相|人设亮相,2,2,我回道：「快两岁半。」
A064-dialogue,A064,分手三年后，在母婴店和前男友偶遇。,data/articles/0064-前男友硬说我家崽是他的种！.txt,高张力对白,重逢修罗场|高张力对白|人设亮相,21,21,「但是我死要面子，一直在等你跟我低头，对不起，宝宝，都是我的错，我没想到你怀孕了，我真不是个东西！」
A064-ending,A064,分手三年后，在母婴店和前男友偶遇。,data/articles/0064-前男友硬说我家崽是他的种！.txt,结尾余韵,重逢修罗场|结尾余韵|轻喜反差|人设亮相,568,570,"他朝我露出⼀个⼤大的笑容道：「嗨，许冉。」
「我爸妈想见你, 聊一聊订婚的事。」
我怔愣在原地，鼻尖酸涩，红了眼眶。"
A065-opening,A065,最纯爱的那年，我和江祈扛着双方父?的巨大压力，约定死也不分手。,data/articles/0065-祈愿.txt,开头钩子,都市婚恋|重逢修罗场|甜虐关系|开头钩子|人设亮相,1,5,"后来我怀孕了。
我把孕检报告放在?日蛋糕里，准备给他个惊喜。
他的父母却提前?步找上?来，递给我一张江祈的婚纱照。
以及一张妊娠 28 周的 B 超单。
江祈不仅搞?了别的女人的肚?，甚至?上就要和对?举行婚礼。"
A065-intro,A065,最纯爱的那年，我和江祈扛着双方父?的巨大压力，约定死也不分手。,data/articles/0065-祈愿.txt,主角亮相,都市婚恋|重逢修罗场|甜虐关系|主角亮相|人设亮相,2,2,我把孕检报告放在?日蛋糕里，准备给他个惊喜。
A065-dialogue,A065,最纯爱的那年，我和江祈扛着双方父?的巨大压力，约定死也不分手。,data/articles/0065-祈愿.txt,高张力对白,都市婚恋|重逢修罗场|甜虐关系|高张力对白|关系破裂|人设亮相,18,18,「顾老师，你说有没有一种可能，就是我爸爸和我妈妈离婚，你嫁给我爸爸？」
A065-ending,A065,最纯爱的那年，我和江祈扛着双方父?的巨大压力，约定死也不分手。,data/articles/0065-祈愿.txt,结尾余韵,都市婚恋|重逢修罗场|甜虐关系|结尾余韵,482,484,"他大概永远也不会知道那部手机里有什么重要的东西了。
但无所谓。
反正，一切都不重要了。"
A066-opening,A066,末世为了活命，我换上吊带睡裙准备敲开冷脸校霸的门。,data/articles/0066-末世哭包最好命.txt,开头钩子,弹幕/评论|开头钩子|信息外挂|人设亮相,1,5,"敲门前一秒，眼前突然闪出弹幕。
【女配补药啊！招惹男主很快就会被推进丧尸群折磨的！】
【女配，敲他对门啊！里面那位觉醒了精神系异能，跟着他不缺资源！】
【对啊，这小子暗恋你很久了，家里都是你的照片，你去看看肯定会有惊喜的～】
我脚步一转，将信将疑地敲响了对门。"
A066-intro,A066,末世为了活命，我换上吊带睡裙准备敲开冷脸校霸的门。,data/articles/0066-末世哭包最好命.txt,主角亮相,弹幕/评论|主角亮相|人设亮相,5,5,我脚步一转，将信将疑地敲响了对门。
A066-dialogue,A066,末世为了活命，我换上吊带睡裙准备敲开冷脸校霸的门。,data/articles/0066-末世哭包最好命.txt,高张力对白,弹幕/评论|高张力对白|人设亮相,23,23,「如果今天我不开门，你也会这样去求别人？」
A066-ending,A066,末世为了活命，我换上吊带睡裙准备敲开冷脸校霸的门。,data/articles/0066-末世哭包最好命.txt,结尾余韵,弹幕/评论|结尾余韵|情感拉扯|人设亮相,900,902,"「混蛋，讨厌你。」
「可是我最喜欢老婆啦。」
（完结）"
A067-opening,A067,我爸车祸时，我没接电话。,data/articles/0067-一念轻沉.txt,开头钩子,校园|开头钩子|人设亮相,1,5,"只因看到付沉身边出现了一个女孩。
那个女孩，靠着他的肩，正拿着一件衣服打趣。
「这得值顾轻父母种三年麦子的钱吧？」
「料子看起来还行，不如给我家狗当玩具撕着玩？」
付沉看了眼那件衬衫："
A067-intro,A067,我爸车祸时，我没接电话。,data/articles/0067-一念轻沉.txt,主角亮相,校园|主角亮相|人设亮相,11,11,我的情感也跟着丢进了垃圾桶。
A067-dialogue,A067,我爸车祸时，我没接电话。,data/articles/0067-一念轻沉.txt,高张力对白,校园|高张力对白,68,68,「滚！」
A067-ending,A067,我爸车祸时，我没接电话。,data/articles/0067-一念轻沉.txt,结尾余韵,校园|结尾余韵|人设亮相,1670,1672,"我抬手，描摹着他的眉眼。
轻轻应声：「好。」
——全文完——"
A068-opening,A068,我一生为奴为婢。,data/articles/0068-宫斗胜利者的养成.txt,开头钩子,古言/宫廷|开头钩子|轻喜反差|人设亮相,1,5,"年过半百，终身未嫁，无儿无女。
但我抚养过两位皇子，两位公主，他们尊敬地喊我「卿姑姑」。
故去的皇贵妃临终前曾握着我的手，再一次问出我们相处三十五年来常问的那个问题：「你现在开心吗？」
我仍旧摇头：「不开心。」
她原本娇艳的面容因为一次次的怀孕生子带来的病痛变得憔悴，但听见我的回答，还是露出满意的笑："
A068-intro,A068,我一生为奴为婢。,data/articles/0068-宫斗胜利者的养成.txt,主角亮相,古言/宫廷|主角亮相|人设亮相,4,4,我仍旧摇头：「不开心。」
A068-dialogue,A068,我一生为奴为婢。,data/articles/0068-宫斗胜利者的养成.txt,高张力对白,古言/宫廷|高张力对白,37,37,「姑姑也听见了，她说了不是奴婢，自然便是她自己弄坏的。」小宫女声音急切，「姑姑要罚便罚她吧，若不是她弄坏的，她怎么会替奴婢说话？」
A068-ending,A068,我一生为奴为婢。,data/articles/0068-宫斗胜利者的养成.txt,结尾余韵,古言/宫廷|结尾余韵|人设亮相,729,731,"「现在，我有没有让你开心一点？」
「你说的那个地界儿，在哪儿？」
（完）"
A069-opening,A069,我穿越成了永钦王府里的小姐。,data/articles/0069-土著表演指南.txt,开头钩子,古言/宫廷|开头钩子|人设亮相,1,5,"「这什么破地方……」
?个穿着粗布?裳的妇?端着水盆进来。
她猛地扑过来：「天王盖地虎？」
我下意识地接了下去：「宝塔镇河妖。」
她抓住我的肩膀，死死捂住我的嘴。"
A069-intro,A069,我穿越成了永钦王府里的小姐。,data/articles/0069-土著表演指南.txt,主角亮相,古言/宫廷|主角亮相|人设亮相,4,4,我下意识地接了下去：「宝塔镇河妖。」
A069-dialogue,A069,我穿越成了永钦王府里的小姐。,data/articles/0069-土著表演指南.txt,高张力对白,古言/宫廷|高张力对白,7,7,「这王府里，穿越者不得好死！不得好死啊！」
A069-ending,A069,我穿越成了永钦王府里的小姐。,data/articles/0069-土著表演指南.txt,结尾余韵,古言/宫廷|结尾余韵|人设亮相,929,931,"一个关于生存的故事。
平淡、漫长，没有任何惊心动魄的传奇, 只有小心翼翼的呼吸，和沉默的、漫长的挣扎。
我成功了, 也失败了，但无论如何，我活过了。"
A070-opening,A070,助理替我发退圈声明时，误将我的年终总结发了出去。,data/articles/0070-不苦.txt,开头钩子,其他|开头钩子|人设亮相,1,5,"她删除的前一秒，却被黑粉截了图。
于是黑粉一边切片我的年终总结，一边骂我。
可是骂着骂着，他们却都哭了。
因为我年终总结第三段的第一句是：
「化疗好痛苦，奶奶，我撑不住了。」"
A070-intro,A070,助理替我发退圈声明时，误将我的年终总结发了出去。,data/articles/0070-不苦.txt,主角亮相,其他|主角亮相|人设亮相,13,13,我觉得挺没意思的，原本不想浪费时间跟他们解释。
A070-dialogue,A070,助理替我发退圈声明时，误将我的年终总结发了出去。,data/articles/0070-不苦.txt,高张力对白,其他|高张力对白|关系破裂|人设亮相,50,50,「现在我不想继续这个错误，不要念雪再受委屈了！下周三，我们去领离婚证！」
A070-ending,A070,助理替我发退圈声明时，误将我的年终总结发了出去。,data/articles/0070-不苦.txt,结尾余韵,其他|结尾余韵,657,659,"然而为了自己的江家父母, 像放弃江羡鱼一样，放弃了江念雪。
江辰下手没轻重，最后江念雪被打成了六级伤残，事业跟未来婚姻都被毁了。
江念雪气不过, 就在一个午后，拿出了江家这些年犯罪的文件，直接去举报……"
A071-opening,A071,我早早就死了。,data/articles/0071-死后十年我回来了.txt,开头钩子,其他|开头钩子|人设亮相,1,5,"当鬼十年终于摇到号可以投胎了。
投胎一前,我决定回阳间最后看一眼周呈锦。
他是我唯一还牵挂的人。
我开心地想着,周呈锦那么聪明那么厉害,现在肯定事业有成,家庭美满。
见到他的那一刻,我慌了。"
A071-intro,A071,我早早就死了。,data/articles/0071-死后十年我回来了.txt,主角亮相,其他|主角亮相|人设亮相,4,4,"我开心地想着,周呈锦那么聪明那么厉害,现在肯定事业有成,家庭美满。"
A071-dialogue,A071,我早早就死了。,data/articles/0071-死后十年我回来了.txt,高张力对白,其他|高张力对白|情感拉扯,109,109,「怎么?是不喜欢吗?」
A071-ending,A071,我早早就死了。,data/articles/0071-死后十年我回来了.txt,结尾余韵,其他|结尾余韵,756,758,"无来生,无往世。
天上地下,消失得干干净净。
这就是复生的代价。"
A072-opening,A072,"大一刚开学,我意外救了条小蛇。",data/articles/0072-蛇仙许我三个心愿.txt,开头钩子,系统/攻略|弹幕/评论|仙侠/修仙|危机压身|开头钩子|信息外挂|轻喜反差|人设亮相,1,5,"它说它是蛇仙,为了报恩,可以实现我三个心愿。
我欣喜若狂,刚准备开口,眼前忽然飘过弹幕:
【女配你就许吧,一许一个不吱声!】
【笑不活了,一切都是女主的计谋。】
【女主早就跟女配绑定了双倍系统,无论她许什么愿,女主直接获得双倍,坐享其成的快乐谁懂!】"
A072-intro,A072,"大一刚开学,我意外救了条小蛇。",data/articles/0072-蛇仙许我三个心愿.txt,主角亮相,系统/攻略|弹幕/评论|仙侠/修仙|危机压身|主角亮相|信息外挂|人设亮相,2,2,"我欣喜若狂,刚准备开口,眼前忽然飘过弹幕:"
A072-dialogue,A072,"大一刚开学,我意外救了条小蛇。",data/articles/0072-蛇仙许我三个心愿.txt,高张力对白,系统/攻略|弹幕/评论|仙侠/修仙|危机压身|高张力对白,18,18,「姐!你快点!磨磨蹭蹭的烦死了!」
A072-ending,A072,"大一刚开学,我意外救了条小蛇。",data/articles/0072-蛇仙许我三个心愿.txt,结尾余韵,系统/攻略|弹幕/评论|仙侠/修仙|危机压身|结尾余韵|人设亮相,623,625,"我坐在桌前, 翻开一本崭新的笔记本,在扉页提笔写下:
我与我周旋久,宁作我。
【全文完】"
A073-opening,A073,班上来了个臭脸高冷男。,data/articles/0073-恶意招惹.txt,开头钩子,其他|开头钩子|人设亮相,1,5,"我看他不爽，处处找茬儿。
有人提醒我，「江闲，听说纪青绝是苗寨里来的，?心给你下蛊。」
我不屑回，「都是网上的噱头，你还真信？」
又?次算计他后，我?臂惊现?色纹路，一碰就疼。
我怕了，跪着求他放过我。"
A073-intro,A073,班上来了个臭脸高冷男。,data/articles/0073-恶意招惹.txt,主角亮相,其他|主角亮相|人设亮相,1,1,我看他不爽，处处找茬儿。
A073-dialogue,A073,班上来了个臭脸高冷男。,data/articles/0073-恶意招惹.txt,高张力对白,其他|高张力对白|人设亮相,19,19,单薄的木?前，我曲起手指，扣了三声响，饶有趣味问：「纪?绝，还敢跟我对着干吗？」
A073-ending,A073,班上来了个臭脸高冷男。,data/articles/0073-恶意招惹.txt,结尾余韵,其他|结尾余韵|情感拉扯|人设亮相,801,803,"我要他今后，与我爱恨交托, 与我缠绵悱恻，
与我至死，蹉跎。
江 jiang"
A074-opening,A074,"夜里卫生间有动静,我往身边一摸,老公还在。",data/articles/0074-婆婆给我请保姆后.txt,开头钩子,其他|开头钩子|人设亮相,1,5,"走进卫生间一看大跌眼镜,保姆浑身上下居然只有一件内裤。
想到老公每天都在这个点起夜,我后背发凉。
我让婆婆把保姆开了,人是她找来的。
婆婆却替保姆说话。
【不就是用了二楼的厕所,你瞎想什么呢?】"
A074-intro,A074,"夜里卫生间有动静,我往身边一摸,老公还在。",data/articles/0074-婆婆给我请保姆后.txt,主角亮相,其他|主角亮相|人设亮相,3,3,"我让婆婆把保姆开了,人是她找来的。"
A074-dialogue,A074,"夜里卫生间有动静,我往身边一摸,老公还在。",data/articles/0074-婆婆给我请保姆后.txt,高张力对白,其他|高张力对白|人设亮相,12,12,"二楼的卫生间默认我们夫妻俩用,这么晚了会是谁?"
A074-ending,A074,"夜里卫生间有动静,我往身边一摸,老公还在。",data/articles/0074-婆婆给我请保姆后.txt,结尾余韵,其他|结尾余韵,489,491,"17
一切从头开始~
——全文完"
A075-opening,A075,夏日越轨，今夜梦里见 | 少爷和张妈,data/articles/0075-少爷和张妈.txt,开头钩子,其他|开头钩子|人设亮相,1,5,"我出生那年，三岁的哥哥被人拐走。
妈妈伤心欲绝，意外早产。
所以我不是一个健康的孩子。
因为哥哥的失踪，妈妈沉溺在悲伤中无法自拔。
爸爸不仅要管理公司，还要抽时间去寻找失踪的儿子。"
A075-intro,A075,夏日越轨，今夜梦里见 | 少爷和张妈,data/articles/0075-少爷和张妈.txt,主角亮相,其他|主角亮相|人设亮相,1,1,我出生那年，三岁的哥哥被人拐走。
A075-dialogue,A075,夏日越轨，今夜梦里见 | 少爷和张妈,data/articles/0075-少爷和张妈.txt,高张力对白,其他|高张力对白,60,60,「清清，听说你要去学校？」
A075-ending,A075,夏日越轨，今夜梦里见 | 少爷和张妈,data/articles/0075-少爷和张妈.txt,结尾余韵,其他|结尾余韵|人设亮相,506,508,"张妈苍老又虚弱的声音响起：
「小少爷, 最近过得好吗？想听我给你讲故事了啊。
很久很久以前，有一位美丽的白雪公主，她的皮肤如雪一般白皙……」"
A076-opening,A076,第一次可到小妍的时候，我就决定了，我一定要得到这个女人。,data/articles/0076-我的小妍.txt,开头钩子,其他|开头钩子|人设亮相,1,5,"绝美的容颜，搭配着惹火的身材。
可悲的是，她坐在一辆摩托车上，抱着个黄毛男友，那男人甚至穿着红色的旺仔牛奶套装。
而我呢？
我坐在保时捷 911 的驾驶位上，看着小妍雪白的大腿，舔了舔嘴唇。
我要得到她，无论用任何手段。"
A076-intro,A076,第一次可到小妍的时候，我就决定了，我一定要得到这个女人。,data/articles/0076-我的小妍.txt,主角亮相,其他|主角亮相|人设亮相,4,4,我坐在保时捷 911 的驾驶位上，看着小妍雪白的大腿，舔了舔嘴唇。
A076-dialogue,A076,第一次可到小妍的时候，我就决定了，我一定要得到这个女人。,data/articles/0076-我的小妍.txt,高张力对白,其他|高张力对白,62,62,王经理又怒斥：「你工作很闲的话，不会把卫生打扫一下吗？干不好就别干！」
A076-ending,A076,第一次可到小妍的时候，我就决定了，我一定要得到这个女人。,data/articles/0076-我的小妍.txt,结尾余韵,其他|结尾余韵|人设亮相,498,500,"我那时小，不明白妈妈的话。
现在我懂了。
但来不及了。"
A077-opening,A077,"我和阿姐是双生胎,一个聪明一个呆傻。",data/articles/0077-双生花.txt,开头钩子,古言/宫廷|都市婚恋|开头钩子|人设亮相,1,5,"及笄后,我们同时定下婚事。
阿娘偏心阿姐,为她选了侯府世子,让我嫁给了寒门武将。
嫁人后,我不争权不管家,还为将军生了六个儿子,成了将军府的宝贝疙瘩,日子过得顺遂。
而阿姐一生无子无宠,斗婆婆斗妯娌斗小妾,不到四十就过世了。
阿娘受此打击一病不起。"
A077-intro,A077,"我和阿姐是双生胎,一个聪明一个呆傻。",data/articles/0077-双生花.txt,主角亮相,古言/宫廷|都市婚恋|主角亮相|人设亮相,6,6,"我前去探望时,阿娘抓着我的手道:「为何嫁到顾家的不是你,为何死的不是你?该死的是你才对!」"
A077-dialogue,A077,"我和阿姐是双生胎,一个聪明一个呆傻。",data/articles/0077-双生花.txt,高张力对白,古言/宫廷|都市婚恋|高张力对白|人设亮相,6,6,"我前去探望时,阿娘抓着我的手道:「为何嫁到顾家的不是你,为何死的不是你?该死的是你才对!」"
A077-ending,A077,"我和阿姐是双生胎,一个聪明一个呆傻。",data/articles/0077-双生花.txt,结尾余韵,古言/宫廷|都市婚恋|结尾余韵|人设亮相,875,877,"我心里安定了,顾云舟比我懂得多, 他说砸灯有用,就一定有用。
就算无用,这辈子也值了!
(全文完)"
A078-opening,A078,我死后第三年。,data/articles/0078-寂寞沙洲冷.txt,开头钩子,其他|开头钩子|人设亮相,1,5,"沈寂洲终于开始相亲了。
但每次都带着孩子,三句不离宝宝辅食。
我气不过,想闹出点动静吓唬吓唬他。
孩子却指着我眨了眨眼。
「爸爸,那里有……」"
A078-intro,A078,我死后第三年。,data/articles/0078-寂寞沙洲冷.txt,主角亮相,其他|主角亮相|人设亮相,3,3,"我气不过,想闹出点动静吓唬吓唬他。"
A078-dialogue,A078,我死后第三年。,data/articles/0078-寂寞沙洲冷.txt,高张力对白,其他|高张力对白,33,33,"「所以,你的衬衫是什么颜色?五彩斑斓的白吗?」"
A078-ending,A078,我死后第三年。,data/articles/0078-寂寞沙洲冷.txt,结尾余韵,其他|结尾余韵,759,761,"一骗就???是 15 年。
他必须得和许茉再待满一个 15 年、150 年、1500 年、15000 年……
才能完全弥补他所受到的伤害。"
A079-opening,A079,我一直知道我有精神病，因为我总幻想自己是拥有触手的人，甚至还能听见它们在说话。,data/articles/0079-双向奔赴.txt,开头钩子,其他|开头钩子|人设亮相,1,3,"直到有一天，我捡到了一个少年。
他能和我的触手交流。
我恍然大悟：噢，原来你也是精神病患者。"
A079-intro,A079,我一直知道我有精神病，因为我总幻想自己是拥有触手的人，甚至还能听见它们在说话。,data/articles/0079-双向奔赴.txt,主角亮相,其他|主角亮相|人设亮相,3,3,我恍然大悟：噢，原来你也是精神病患者。
A079-dialogue,A079,我一直知道我有精神病，因为我总幻想自己是拥有触手的人，甚至还能听见它们在说话。,data/articles/0079-双向奔赴.txt,高张力对白,其他|高张力对白|人设亮相,32,32,好一会，触手们终于反应过来：「咦？他看得见我们？」
A079-ending,A079,我一直知道我有精神病，因为我总幻想自己是拥有触手的人，甚至还能听见它们在说话。,data/articles/0079-双向奔赴.txt,结尾余韵,其他|结尾余韵|人设亮相,463,465,"是的, 我们要离开地球了。
现在的我找到伴侣了，自然就可以拍拍屁股离开了。
至于之后的事，那自然是蜜月之旅了。"
A080-opening,A080,室友偷偷用我的照片网恋。,data/articles/0080-室友偷偷用我的照片网恋.txt,开头钩子,其他|开头钩子|人设亮相,1,5,"她一直沉迷其中。
直到对面发来照片。
照片里的男人帅到不真实。
她瞬间下头,以为对面也是骗子。
她扯了个谎,让我去代替她见面。"
A080-intro,A080,室友偷偷用我的照片网恋。,data/articles/0080-室友偷偷用我的照片网恋.txt,主角亮相,其他|主角亮相|人设亮相,8,8,我拒绝的话到了嘴边又转了个弯。
A080-dialogue,A080,室友偷偷用我的照片网恋。,data/articles/0080-室友偷偷用我的照片网恋.txt,高张力对白,其他|高张力对白,17,17,「答应还是不答应你说句话啊?」
A080-ending,A080,室友偷偷用我的照片网恋。,data/articles/0080-室友偷偷用我的照片网恋.txt,结尾余韵,其他|结尾余韵,739,741,"【祝 99】
+99999
(全文完)"
A081-opening,A081,我在学校用扭扭车当代步工具。,data/articles/0081-双向奔赴的病情.txt,开头钩子,弹幕/评论|校园|甜虐关系|开头钩子|轻喜反差|情感拉扯|人设亮相,1,5,"一不小心，把坐在电动轮椅上的学神撞翻了。
我俩对视一眼，当即决定交换代步工具。
我开着电动轮椅，拖着坐在扭扭车上的夏客，成了 C 大最靓丽的风景线。
《论 C 大两位学神双向奔赴的病情》这篇帖子在校园论坛横空出世。
最终，以夏客的一句「不是病情，是爱情」爆火出圈。"
A081-intro,A081,我在学校用扭扭车当代步工具。,data/articles/0081-双向奔赴的病情.txt,主角亮相,弹幕/评论|校园|甜虐关系|主角亮相|人设亮相,2,2,我俩对视一眼，当即决定交换代步工具。
A081-dialogue,A081,我在学校用扭扭车当代步工具。,data/articles/0081-双向奔赴的病情.txt,高张力对白,弹幕/评论|校园|甜虐关系|高张力对白|人设亮相,59,59,夏客倒也是大方慷慨，抽出牵引绳挑挑眉：「那待会儿你继续开轮椅拉着我？」
A081-ending,A081,我在学校用扭扭车当代步工具。,data/articles/0081-双向奔赴的病情.txt,结尾余韵,弹幕/评论|校园|甜虐关系|结尾余韵,441,443,"目录
21 评论
芝士奶盖，融化时想你"
A082-opening,A082,"最爱我那年,陈策为我和家里顽抗到底。",data/articles/0082-不说再见.txt,开头钩子,重逢修罗场|甜虐关系|开头钩子|关系破裂|情感拉扯|人设亮相,1,5,"最后却亲眼目睹我在他兄弟床上衣衫凌乱。
那天他掐着我的下巴,咬着牙说:
「知道么?我甚至想过我们孩子的模样。」
后来分手多年后,我们久别重逢。
我在药店值班。"
A082-intro,A082,"最爱我那年,陈策为我和家里顽抗到底。",data/articles/0082-不说再见.txt,主角亮相,重逢修罗场|甜虐关系|主角亮相|人设亮相,5,5,我在药店值班。
A082-dialogue,A082,"最爱我那年,陈策为我和家里顽抗到底。",data/articles/0082-不说再见.txt,高张力对白,重逢修罗场|甜虐关系|高张力对白,25,25,「要不要带一瓶?」
A082-ending,A082,"最爱我那年,陈策为我和家里顽抗到底。",data/articles/0082-不说再见.txt,结尾余韵,重逢修罗场|甜虐关系|结尾余韵|情感拉扯|人设亮相,736,738,"可钻石在时光里蒙了尘。
爱意也早就荡然无存。
我原封不动地把戒指退了回去。"
A083-opening,A083,我把自己卖到了缅北。,data/articles/0083-我在缅北做诈骗.txt,开头钩子,现实反差|危机压身|开头钩子|人设亮相,1,3,"去的第一天，我主动上交一百万的投诚费，成功加入一线组。
都说这里是人间炼狱，可我每天一睁眼就兴高采烈地去诈骗。
他们都说我是个疯子，可我最清楚，自己要的究竟是什么。"
A083-intro,A083,我把自己卖到了缅北。,data/articles/0083-我在缅北做诈骗.txt,主角亮相,现实反差|危机压身|主角亮相|人设亮相,5,5,我的四周挤满了人，白先生也站在我旁边认真地盯着电脑屏幕，几乎所有人都屏住呼吸。
A083-dialogue,A083,我把自己卖到了缅北。,data/articles/0083-我在缅北做诈骗.txt,高张力对白,现实反差|危机压身|高张力对白|人设亮相,22,22,【希哥，我错了，你再给我一次机会，求你了！】
A083-ending,A083,我把自己卖到了缅北。,data/articles/0083-我在缅北做诈骗.txt,结尾余韵,现实反差|危机压身|结尾余韵|人设亮相,408,410,"什么廉耻, 自尊, 身体，我统统都不在乎。
自始至终，我都很清楚, 自己想要的，究竟是什么。
真好，我终于和姐姐团聚了。"
A084-opening,A084,我流产不久后，霍泽屿再一次将筐子里的鸡蛋拿去接济洛萌。,data/articles/0084-绝爱后我风生水起.txt,开头钩子,都市婚恋|开头钩子|关系破裂|人设亮相,1,5,"我平静和他提了离婚。
他头一回慌张神，讷讷。
「臻臻，鸡蛋还会有的，以后，我再也不送了……」
我朝他摇头。
「我不是因为一筐鸡蛋，而是你忽视我的每一刻。」"
A084-intro,A084,我流产不久后，霍泽屿再一次将筐子里的鸡蛋拿去接济洛萌。,data/articles/0084-绝爱后我风生水起.txt,主角亮相,都市婚恋|主角亮相|关系破裂|人设亮相,1,1,我平静和他提了离婚。
A084-dialogue,A084,我流产不久后，霍泽屿再一次将筐子里的鸡蛋拿去接济洛萌。,data/articles/0084-绝爱后我风生水起.txt,高张力对白,都市婚恋|高张力对白|人设亮相,47,47,「对不起臻臻，我不知道你会早产，而且我一个星期前答应了带洛萌去游乐园……你能理解我的，对吗？」
A084-ending,A084,我流产不久后，霍泽屿再一次将筐子里的鸡蛋拿去接济洛萌。,data/articles/0084-绝爱后我风生水起.txt,结尾余韵,都市婚恋|结尾余韵|人设亮相,473,475,"渐渐地，我看见年轻时的覃臻臻，一脸娇羞地看着我, 对我说：
「你如果对我不好，我就会离开你。」
对不起呀臻臻，我是个混蛋。"
A085-opening,A085,我是连精神力也测不出的低阶兽人。,data/articles/0085-三花猫和黑狼.txt,开头钩子,校园|奇幻/异种|开头钩子|人设亮相,1,5,"因为口吃被别人称作「小结巴」。
考进帝国第一军校这天，我听见有人问陆承：
「哎，你是不是要和那小结巴住同一个宿舍？」
只见陆承满脸烦躁，语气不耐：「我有什么办法，他老缠着我。」
「烦死了。」"
A085-intro,A085,我是连精神力也测不出的低阶兽人。,data/articles/0085-三花猫和黑狼.txt,主角亮相,校园|奇幻/异种|主角亮相|人设亮相,7,7,我想了想，这一路上，确实麻烦他很多。
A085-dialogue,A085,我是连精神力也测不出的低阶兽人。,data/articles/0085-三花猫和黑狼.txt,高张力对白,校园|奇幻/异种|高张力对白,1,1,因为口吃被别人称作「小结巴」。
A085-ending,A085,我是连精神力也测不出的低阶兽人。,data/articles/0085-三花猫和黑狼.txt,结尾余韵,校园|奇幻/异种|结尾余韵,794,796,"室内归于安静。
只余一大一小身影平稳和谐的呼吸声。
－完－"
A086-opening,A086,我骄纵惯了，每一次拿和离威胁，郎砚都会退一步。,data/articles/0086-急雨潮潮.txt,开头钩子,古言/宫廷|重逢修罗场|危机压身|开头钩子|关系破裂|人设亮相,1,5,"闹得最凶的那年，我撕了他外放江洲的文书，只为他能年年岁岁陪我过生辰。
他都忍了。
我以为他会永远为我退让。
直到他死在悄悄奔赴江洲的路上，看到他遗落的一封封给病重青梅问安的书信。
最后一封写着：「我与她和离之日，便是见你之时。」"
A086-intro,A086,我骄纵惯了，每一次拿和离威胁，郎砚都会退一步。,data/articles/0086-急雨潮潮.txt,主角亮相,古言/宫廷|重逢修罗场|危机压身|主角亮相|人设亮相,3,3,我以为他会永远为我退让。
A086-dialogue,A086,我骄纵惯了，每一次拿和离威胁，郎砚都会退一步。,data/articles/0086-急雨潮潮.txt,高张力对白,古言/宫廷|重逢修罗场|危机压身|高张力对白|情感拉扯,18,18,「别说她，连她那个夫君赵岩从前也没听过，不知如何就混到官家面前，升了好大的官！」
A086-ending,A086,我骄纵惯了，每一次拿和离威胁，郎砚都会退一步。,data/articles/0086-急雨潮潮.txt,结尾余韵,古言/宫廷|重逢修罗场|危机压身|结尾余韵|关系破裂|轻喜反差|人设亮相,763,765,"「请这位赵大人回家，吃顿团圆饭吧。」
我烧了那封和离书，对父亲笑道。
【全文完】"
A087-opening,A087,穿成了叛逆期男主的貌美前女友。,data/articles/0087-穿成了叛逆期男主的貌美前女友.txt,开头钩子,身份反差|开头钩子|人设亮相,1,5,"狭窄出租屋里。
我正不耐烦地催他吃快点。
少年满胳膊骷髅纹身，冷着脸：「不要吼我，道歉，和我道歉。」
我作势伸手要打：「快点吃！吃饭还要哄着！快点！」
少年下意识抖了一下，嘴里还死倔地不停念叨：「道歉！道歉！」"
A087-intro,A087,穿成了叛逆期男主的貌美前女友。,data/articles/0087-穿成了叛逆期男主的貌美前女友.txt,主角亮相,身份反差|主角亮相|人设亮相,2,2,我正不耐烦地催他吃快点。
A087-dialogue,A087,穿成了叛逆期男主的貌美前女友。,data/articles/0087-穿成了叛逆期男主的貌美前女友.txt,高张力对白,身份反差|高张力对白,5,5,少年下意识抖了一下，嘴里还死倔地不停念叨：「道歉！道歉！」
A087-ending,A087,穿成了叛逆期男主的貌美前女友。,data/articles/0087-穿成了叛逆期男主的貌美前女友.txt,结尾余韵,身份反差|结尾余韵|人设亮相,647,649,"「那也等我吃完啊。」
……
（完）"
A088-opening,A088,"我是阴沟里窥伺太阳的老鼠,校草魏临?是我最肮脏的秘密。",data/articles/0088-窥伺校草被发现后.txt,开头钩子,甜虐关系|开头钩子|轻喜反差|情感拉扯|人设亮相,1,5,"他喝醉后在联谊会?落吻了我,却又冷脸让我保持距离。
我向网友 L 哭诉这场煎熬,对方却回复:「也许他并不厌恶。」
后来我颤抖着点开 L 的主页,最新动态是一张照片。
我的睡颜,在魏临?床上。
配文:【捡到只可怜又可爱的小老鼠。】"
A088-intro,A088,"我是阴沟里窥伺太阳的老鼠,校草魏临?是我最肮脏的秘密。",data/articles/0088-窥伺校草被发现后.txt,主角亮相,甜虐关系|主角亮相|人设亮相,2,2,"我向网友 L 哭诉这场煎熬,对方却回复:「也许他并不厌恶。」"
A088-dialogue,A088,"我是阴沟里窥伺太阳的老鼠,校草魏临?是我最肮脏的秘密。",data/articles/0088-窥伺校草被发现后.txt,高张力对白,甜虐关系|高张力对白|人设亮相,87,87,「笔记借我?ū?抄一下。」
A088-ending,A088,"我是阴沟里窥伺太阳的老鼠,校草魏临?是我最肮脏的秘密。",data/articles/0088-窥伺校草被发现后.txt,结尾余韵,甜虐关系|结尾余韵|情感拉扯|人设亮相,475,477,"「咔嚓。」
清脆的快门声响起。
定格下此刻,他眼中清晰倒映出的、那个被他深深爱着的,正在注视着他的我。"
A089-opening,A089,穿成修仙文女配，我捡到一条受伤的小狗蛇。,data/articles/0089-小狗蛇寻爱记.txt,开头钩子,系统/攻略|仙侠/修仙|身份反差|开头钩子|信息外挂|人设亮相,1,5,"本着手慢无的原则，立马跟它签订了契约。
跟我的新灵宠快乐生活一年后，系统姗姗来迟：
【宿主你的任务是，祸乱天下，最后被男主一剑斩杀……】
【等等！！！宿主你怎么把男主给契约了？？】
下一秒，我的小狗蛇就无害地睁着眼睛，哼哼唧唧地将脑袋凑了过来。"
A089-intro,A089,穿成修仙文女配，我捡到一条受伤的小狗蛇。,data/articles/0089-小狗蛇寻爱记.txt,主角亮相,系统/攻略|仙侠/修仙|身份反差|主角亮相|人设亮相,10,10,我有些迷茫道：「哪里有男主？」
A089-dialogue,A089,穿成修仙文女配，我捡到一条受伤的小狗蛇。,data/articles/0089-小狗蛇寻爱记.txt,高张力对白,系统/攻略|仙侠/修仙|身份反差|高张力对白|信息外挂|人设亮相,41,41,我仍不敢置信：「系统，有没有可能是你搞错了？」
A089-ending,A089,穿成修仙文女配，我捡到一条受伤的小狗蛇。,data/articles/0089-小狗蛇寻爱记.txt,结尾余韵,系统/攻略|仙侠/修仙|身份反差|结尾余韵|情感拉扯|人设亮相,622,624,"他缠着我，一叠声地唤：
「枝枝……卿卿，我爱你。」
-全文完-"
A090-opening,A090,"暗恋沈淮叙的第三年,他抽到真心话,被问到喜欢的女生类型。",data/articles/0090-沈总，别追了.txt,开头钩子,甜虐关系|开头钩子|情感拉扯|人设亮相,1,5,"他说:「聪明的。」
我成绩好,便有人提到了我。
他捏紧酒杯,冷嗤。
「脑子被驴踢了才会喜欢她。」
我僵在门口,旋即默默转过了身。"
A090-intro,A090,"暗恋沈淮叙的第三年,他抽到真心话,被问到喜欢的女生类型。",data/articles/0090-沈总，别追了.txt,主角亮相,甜虐关系|主角亮相|人设亮相,2,2,"我成绩好,便有人提到了我。"
A090-dialogue,A090,"暗恋沈淮叙的第三年,他抽到真心话,被问到喜欢的女生类型。",data/articles/0090-沈总，别追了.txt,高张力对白,甜虐关系|高张力对白|人设亮相,65,65,「妈妈又不要我们了吗?」
A090-ending,A090,"暗恋沈淮叙的第三年,他抽到真心话,被问到喜欢的女生类型。",data/articles/0090-沈总，别追了.txt,结尾余韵,甜虐关系|结尾余韵|轻喜反差|人设亮相,716,718,"他笑着搂住我的腰,附在我耳边道。
「晚上我赔罪!」
(完)"
A091-opening,A091,我在工地扛水泥还债的时候，弹幕说我是恶毒女配。,data/articles/0091-假女主和真太阳.txt,开头钩子,系统/攻略|弹幕/评论|甜虐关系|开头钩子|情感拉扯|人设亮相,1,5,"最缺钱那年，我模仿女主苏晚晚，抢先接近男主顾之砚。
因为顾少爷实在太有钱了。
从手指头缝漏点，就够我还债付学费了。
我是个能为了钱不择手段的穷鬼。
为了博得这位冷淡小少爷的喜欢，我装了一年的清纯柔弱小白花。"
A091-intro,A091,我在工地扛水泥还债的时候，弹幕说我是恶毒女配。,data/articles/0091-假女主和真太阳.txt,主角亮相,系统/攻略|弹幕/评论|甜虐关系|主角亮相|人设亮相,4,4,我是个能为了钱不择手段的穷鬼。
A091-dialogue,A091,我在工地扛水泥还债的时候，弹幕说我是恶毒女配。,data/articles/0091-假女主和真太阳.txt,高张力对白,系统/攻略|弹幕/评论|甜虐关系|高张力对白|人设亮相,82,82,「一年多没回来了，不认识你爹我了！你们第一天出来混的？什么猫猫狗狗都敢来我面前撒野？」
A091-ending,A091,我在工地扛水泥还债的时候，弹幕说我是恶毒女配。,data/articles/0091-假女主和真太阳.txt,结尾余韵,系统/攻略|弹幕/评论|甜虐关系|结尾余韵|人设亮相,1554,1556,"「——为求前缘，为求一人」
「我为你而来」
我的太阳，终是又照耀在了我身上"
A092-opening,A092,误把 po 文当成辞职信上传后。,data/articles/0092-误把 PO 文发给老板后.txt,开头钩子,都市婚恋|开头钩子|人设亮相,1,5,"我：「交的文件看到没？」
老板：「嗯……看到了。」
我：「为什么不回复？不同意？」
他不说话了。
我气急攻心：「不说话就当你同意了，下午去办公室找你。」"
A092-intro,A092,误把 po 文当成辞职信上传后。,data/articles/0092-误把 PO 文发给老板后.txt,主角亮相,都市婚恋|主角亮相|人设亮相,1,1,我：「交的文件看到没？」
A092-dialogue,A092,误把 po 文当成辞职信上传后。,data/articles/0092-误把 PO 文发给老板后.txt,高张力对白,都市婚恋|高张力对白,15,15,「老板是不是疯了啊？」坐隔壁的同事秦青来来回回刷了好几遍手机。
A092-ending,A092,误把 po 文当成辞职信上传后。,data/articles/0092-误把 PO 文发给老板后.txt,结尾余韵,都市婚恋|结尾余韵|情感拉扯|人设亮相,1086,1088,"「唐卿，我也永远是你的。」
「我爱你。」
（完）"
A093-opening,A093,"男朋友死后,我跟我小叔的爱人在一起了。",data/articles/0093-两件遗物.txt,开头钩子,身份反差|甜虐关系|开头钩子|人设亮相,1,5,"只因他是我男友的弟弟,他们?得太像了。
而我,跟我死去的小叔也是一个模子里刻出来的。
我们彼此争吵、磨合、依靠,变成疯子。
就在我实在受不了再次寻死的时候。
他近乎歇斯底里。"
A093-intro,A093,"男朋友死后,我跟我小叔的爱人在一起了。",data/articles/0093-两件遗物.txt,主角亮相,身份反差|甜虐关系|主角亮相|人设亮相,3,3,"我们彼此争吵、磨合、依靠,变成疯子。"
A093-dialogue,A093,"男朋友死后,我跟我小叔的爱人在一起了。",data/articles/0093-两件遗物.txt,高张力对白,身份反差|甜虐关系|高张力对白|人设亮相,23,23,"「你们还记不记得当初 16 年的运动会?我那时候穿着玩偶服,把那几个好看的都抱了。」"
A093-ending,A093,"男朋友死后,我跟我小叔的爱人在一起了。",data/articles/0093-两件遗物.txt,结尾余韵,身份反差|甜虐关系|结尾余韵|人设亮相,614,616,"我夸他:「你好聪明,啵啵。」
陈抚云顺从地啄吻我, 眼神是化开的一池春水。
另一边,叶浔也被陈惊澜叼住了唇,交换绵长的呼吸和心跳。"
A094-opening,A094,我追在沈湛身后五年。,data/articles/0094-青蘅.txt,开头钩子,古言/宫廷|开头钩子|人设亮相,1,5,"女官考核那日，他以我卷上有墨点为由，判了堂妹胜出。
看着那细如针眼的墨点，二叔一家极尽嘲讽：「太傅大人对你，也不过如此。」
堂妹更是得意洋洋：「看来还是我更得沈大人的心，不过是掉了几滴眼泪，他就不舍得让我输了。」
我不敢相信，寻沈湛求证。
他专注翻阅试卷，头都没抬，语气毫不在意：「该让你长长记性，才好改了这粗心娇纵的毛病。」"
A094-intro,A094,我追在沈湛身后五年。,data/articles/0094-青蘅.txt,主角亮相,古言/宫廷|主角亮相|人设亮相,4,4,我不敢相信，寻沈湛求证。
A094-dialogue,A094,我追在沈湛身后五年。,data/articles/0094-青蘅.txt,高张力对白,古言/宫廷|高张力对白|人设亮相,57,57,「我断不会让我的女儿去那吃人的地方，谁不知陛下有断袖一癖，不近女色，青蘅嫁进宫里，后半生如何还能有指望，这不是要她的命吗？」
A094-ending,A094,我追在沈湛身后五年。,data/articles/0094-青蘅.txt,结尾余韵,古言/宫廷|结尾余韵|情感拉扯|人设亮相,402,404,"魏崤偷溜出宫，不要脸皮地黏在我的床榻上：「早点给朕生个太子吧，我想退休！」
退休？真是奇怪的言论，怎么会有人不热爱工作呢？
我还要做第一女丞相呢！"
A095-opening,A095,为了报恩，我和喜欢养蛇的江驰野订下婚约。,data/articles/0095-樱花树下.txt,开头钩子,弹幕/评论|都市婚恋|甜虐关系|开头钩子|轻喜反差|人设亮相,1,5,"在一起三年，看到那些蛇，我依旧害怕。
江驰野不管我的哭闹。
重欲的他每次都会带着蛇跟我一起亲热。
粗暴地擦过我眼?的泪，嗤笑：「娇?。」
??次我跟他说：「能不能别让蛇上床。」"
A095-intro,A095,为了报恩，我和喜欢养蛇的江驰野订下婚约。,data/articles/0095-樱花树下.txt,主角亮相,弹幕/评论|都市婚恋|甜虐关系|主角亮相|信息外挂|人设亮相,7,7,我正要去哄他时，眼前出现弹幕：
A095-dialogue,A095,为了报恩，我和喜欢养蛇的江驰野订下婚约。,data/articles/0095-樱花树下.txt,高张力对白,弹幕/评论|都市婚恋|甜虐关系|高张力对白|人设亮相,5,5,??次我跟他说：「能不能别让蛇上床。」
A095-ending,A095,为了报恩，我和喜欢养蛇的江驰野订下婚约。,data/articles/0095-樱花树下.txt,结尾余韵,弹幕/评论|都市婚恋|甜虐关系|结尾余韵|人设亮相,683,685,"「那我以后给他好好补补课。」
正在写作业的祁珩打了一个喷嚏。
周肆然捧着我的脸：「别提小崽子了，盛樱同学，晚霞这么美，我可以吻你吗？」"
A096-opening,A096,我的夫君是天底下最厉害的神医。,data/articles/0096-江州辞.txt,开头钩子,甜虐关系|开头钩子|人设亮相,1,5,"他有个最会制毒的青梅师妹。
两?你毒我解，热闹了十几年。
直到我被下了剧毒，差点没命。
醒来他边写药方边叹气：
「你别怪阿珂，她就是孩子气惯了，不是有意要害你。」"
A096-intro,A096,我的夫君是天底下最厉害的神医。,data/articles/0096-江州辞.txt,主角亮相,甜虐关系|主角亮相|轻喜反差|人设亮相,10,10,我将??递给丫头，笑了笑：「拿去煎了吧。」
A096-dialogue,A096,我的夫君是天底下最厉害的神医。,data/articles/0096-江州辞.txt,高张力对白,甜虐关系|高张力对白|信息外挂,9,9,久违的系统终于被触发：「死在男主?里才能回家，解药出错变成毒药，宿主可以选择是否服?。」
A096-ending,A096,我的夫君是天底下最厉害的神医。,data/articles/0096-江州辞.txt,结尾余韵,甜虐关系|结尾余韵|人设亮相,504,506,"过往种种，如梦一场。
我深吸口气，甩掉脑海中的一切。
阳光正好，又是崭新的一天。"
A097-opening,A097,失控,data/articles/0097-失控.txt,开头钩子,都市婚恋|开头钩子|关系破裂|人设亮相,1,5,"「姐，不要和他说了，和他离！」
「姐，不要和他说了，和他离！」
小舅子把饭碗狠狠地砸在地上。
我窝囊地求我老婆，不肯离婚。
我老婆很得意。"
A097-intro,A097,失控,data/articles/0097-失控.txt,主角亮相,都市婚恋|主角亮相|关系破裂|人设亮相,4,4,我窝囊地求我老婆，不肯离婚。
A097-dialogue,A097,失控,data/articles/0097-失控.txt,高张力对白,都市婚恋|高张力对白,1,1,「姐，不要和他说了，和他离！」
A097-ending,A097,失控,data/articles/0097-失控.txt,结尾余韵,都市婚恋|结尾余韵|人设亮相,465,467,"「您好，是赵依依女士的丈夫吗？」几个穿着西装的男人来找我。
「你们是？」我知道他们是谁，但还是问了一下。
「哦，赵依依五年前在我们保险公司买了一份意外险，受益人是她的先生，也就是您……」"
A098-opening,A098,和继兄偷尝禁果后第二天，他出车祸失忆了。,data/articles/0098-继兄失忆后我看到了弹幕.txt,开头钩子,弹幕/评论|身份反差|开头钩子|信息外挂|轻喜反差|人设亮相,1,5,"我赶到医院时，一个陌生女孩正将他抱在怀里安抚：
「宝贝乖，忘记我也没关系，给你一次重新向我表白的机会。」
我气愤不已，正打算揭穿她的谎言，却突然看到了弹幕。
【笑死，女配还傻傻地担心男主呢，其实他睡到手就腻了，谎称失忆光明正大地甩掉你。】
【就这个白切黑女主爽！从高一暗恋男主，到现在机缘巧合救下他，假扮成女朋友蓄意接近……磕死谁了我不说。】"
A098-intro,A098,和继兄偷尝禁果后第二天，他出车祸失忆了。,data/articles/0098-继兄失忆后我看到了弹幕.txt,主角亮相,弹幕/评论|身份反差|主角亮相|人设亮相,1,1,我赶到医院时，一个陌生女孩正将他抱在怀里安抚：
A098-dialogue,A098,和继兄偷尝禁果后第二天，他出车祸失忆了。,data/articles/0098-继兄失忆后我看到了弹幕.txt,高张力对白,弹幕/评论|身份反差|高张力对白|人设亮相,25,25,「难道是我记错了？那个出车祸的小帅哥嘛，要不是他女朋友路过及时叫了救护车，他也不会醒那么快。」?
A098-ending,A098,和继兄偷尝禁果后第二天，他出车祸失忆了。,data/articles/0098-继兄失忆后我看到了弹幕.txt,结尾余韵,弹幕/评论|身份反差|结尾余韵|信息外挂|人设亮相,575,577,"飞机驶离京市的下一秒, 我眼前漂浮的弹幕消失得无影无踪。
所谓的男女主和反派，从此与我的人生，再无关系。
【完】"
A099-opening,A099,哥哥的电竞队长讨厌甜妹。,data/articles/0099-非典型乖乖女.txt,开头钩子,其他|开头钩子|人设亮相,1,3,"第一次打招呼,男人凶巴巴看着我的 JK 裙:「好好说话,别撒娇。」
直到某天,意外撞?他夹着嗓子对网恋女友疯狂喊宝宝,要亲亲。
我看着微信置顶弹出的一模一样的语音,怔愣片刻,撤回了奔现邀请。"
A099-intro,A099,哥哥的电竞队长讨厌甜妹。,data/articles/0099-非典型乖乖女.txt,主角亮相,其他|主角亮相|人设亮相,3,3,"我看着微信置顶弹出的一模一样的语音,怔愣片刻,撤回了奔现邀请。"
A099-dialogue,A099,哥哥的电竞队长讨厌甜妹。,data/articles/0099-非典型乖乖女.txt,高张力对白,其他|高张力对白,11,11,"「别瞎说,这是老子亲妹!小宝,叫人。」"
A099-ending,A099,哥哥的电竞队长讨厌甜妹。,data/articles/0099-非典型乖乖女.txt,结尾余韵,其他|结尾余韵,587,589,"宋先生。
余生的路,一起走吧。
(完)"
A100-opening,A100,我及笄礼那天，醉酒被在家中寄读的穷书生破了身。,data/articles/0100-凤鸟还巢.txt,开头钩子,真假千金|古言/宫廷|重逢修罗场|开头钩子|人设亮相,1,5,"爹娘恼怒，将我草草下嫁。
只有长姐给我添了嫁妆，含泪说：「日后有什么困难就来找姐姐接济。」
人人都赞长姐心慈，说她虽是假千金，却是丞相府培养多年的真贵女。
那一年，姐姐高嫁王府，而我这个真千金，屈辱地下嫁进书生的茅草屋。
三年后，我被书生折磨出一身重病，逃回京城求长姐救济。"
A100-intro,A100,我及笄礼那天，醉酒被在家中寄读的穷书生破了身。,data/articles/0100-凤鸟还巢.txt,主角亮相,真假千金|古言/宫廷|重逢修罗场|主角亮相|人设亮相,10,10,我含恨惨死，再睁眼，竟回到了及笄礼那天。
A100-dialogue,A100,我及笄礼那天，醉酒被在家中寄读的穷书生破了身。,data/articles/0100-凤鸟还巢.txt,高张力对白,真假千金|古言/宫廷|重逢修罗场|高张力对白|人设亮相,8,8,「妹妹还不知道吗？你及笄那日喝了我递的酒，才会身热难耐，被那个书生诱拐上床。」
A100-ending,A100,我及笄礼那天，醉酒被在家中寄读的穷书生破了身。,data/articles/0100-凤鸟还巢.txt,结尾余韵,真假千金|古言/宫廷|重逢修罗场|结尾余韵,1044,1046,"这一世，错轨的人生各归其位。
明珠重耀，凤鸟还巢。
（全文完结）"
A101-opening,A101,以爱为名;北瓜,data/articles/0101-以爱为名.txt,开头钩子,都市婚恋|危机压身|甜虐关系|开头钩子|人设亮相,1,5,"我曾经被绑架。
所以对成年男性的近距离接触会不自觉感到抵触恶心。
跟程砚舟结婚三年，他从不强迫我。
他说，为了我，他什么都能忍。
我悄悄去看心理医生，花了很多时间去克服恐惧。"
A101-intro,A101,以爱为名;北瓜,data/articles/0101-以爱为名.txt,主角亮相,都市婚恋|危机压身|甜虐关系|主角亮相|人设亮相,1,1,我曾经被绑架。
A101-dialogue,A101,以爱为名;北瓜,data/articles/0101-以爱为名.txt,高张力对白,都市婚恋|危机压身|甜虐关系|高张力对白|关系破裂|人设亮相,16,16,在律师的询问声里，我平静道：「帮我拟一份离婚协议吧。」
A101-ending,A101,以爱为名;北瓜,data/articles/0101-以爱为名.txt,结尾余韵,都市婚恋|危机压身|甜虐关系|结尾余韵|人设亮相,613,615,"云海尽头出现一道彩虹，横跨整片湛蓝的天际。
机舱里响起小小的欢呼声。
我望着那道绚丽的弧光，突然意识到自己正飞向比彩虹更远的地方。"
A102-opening,A102,成为万人迷的高级助理，万人迷看我的眼神却越发奇怪疯狂起来,data/articles/0102-成为万人迷的高级助理.txt,开头钩子,甜虐关系|开头钩子|情感拉扯|人设亮相,1,5,"裴宴是个万人迷，也是我的顶头上司。
身为最强助理，我冷漠的看着他盘旋于各个男人间，为情所困，为爱所伤。
我深夜会因他的一句想哭而连夜开车去霸总的别墅接他，白天会因为他的安危而放下手头的所有工作去查询新追求者的全部信息。
各种宴会前会矜矜业业替他准备好合理的西装香水，就连他遇到痴缠的渣男们也是我亲手将人全部轰走。
可以说从日常起居到情感纠葛，几乎全部都由我善后和解决。"
A102-intro,A102,成为万人迷的高级助理，万人迷看我的眼神却越发奇怪疯狂起来,data/articles/0102-成为万人迷的高级助理.txt,主角亮相,甜虐关系|主角亮相|人设亮相,3,3,我深夜会因他的一句想哭而连夜开车去霸总的别墅接他，白天会因为他的安危而放下手头的所有工作去查询新追求者的全部信息。
A102-dialogue,A102,成为万人迷的高级助理，万人迷看我的眼神却越发奇怪疯狂起来,data/articles/0102-成为万人迷的高级助理.txt,高张力对白,甜虐关系|高张力对白|情感拉扯|人设亮相,11,11,“谢酌，你真的不喜欢我吗？”
A102-ending,A102,成为万人迷的高级助理，万人迷看我的眼神却越发奇怪疯狂起来,data/articles/0102-成为万人迷的高级助理.txt,结尾余韵,甜虐关系|结尾余韵,357,359,"自那以后，裴宴就知道，糟糕了。
少年许下的誓言就像是枷锁，牢牢地锁住了裴宴的心。
但他甘之如饴。"
A103-opening,A103,顶级厨神勇闯修仙界;归海东容,data/articles/0103-顶级厨神勇闯修仙界.txt,开头钩子,弹幕/评论|仙侠/修仙|开头钩子|信息外挂|人设亮相,1,5,"我在秘境身受重伤，偶遇两头神兽时看见了弹幕：
【真下头，明明两个男主都是妹宝的，偏偏被女配先遇?，不知道女配会契约神龙还是凤凰。】
【被?配契约的男主好惨，只能眼睁睁地看着妹宝对别人好，太虐了。】
【没关系啦，反正最后女配死了男主都会被妹宝睡服哒。】
谁说我要二选其一契约？"
A103-intro,A103,顶级厨神勇闯修仙界;归海东容,data/articles/0103-顶级厨神勇闯修仙界.txt,主角亮相,弹幕/评论|仙侠/修仙|主角亮相|信息外挂|人设亮相,1,1,我在秘境身受重伤，偶遇两头神兽时看见了弹幕：
A103-dialogue,A103,顶级厨神勇闯修仙界;归海东容,data/articles/0103-顶级厨神勇闯修仙界.txt,高张力对白,弹幕/评论|仙侠/修仙|高张力对白,26,26,「此乃小师妹感应到的灵物，宋千迢，你还不滚开！」
A103-ending,A103,顶级厨神勇闯修仙界;归海东容,data/articles/0103-顶级厨神勇闯修仙界.txt,结尾余韵,弹幕/评论|仙侠/修仙|结尾余韵|人设亮相,454,456,"所有灵力全部耗尽时，我突然抬头看到了天上的神光。
那是, 升仙之门！
于是，我背着大铁锅，成仙去了！"
A104-opening,A104,工科班里的小公主;灰猫大王,data/articles/0104-工科班里的小公主.txt,开头钩子,甜虐关系|开头钩子|情感拉扯|人设亮相,1,5,"新生开学，我和室友成为了工科班?仅有的两名女?。
室友前?秒还在对话框?和我私聊：
「宝宝，我最爱??软软的??啦，以后我们?定要团结起来，可不能被这群臭男?欺负了。」
下?秒却立马在班群?发自己的精美自拍和我的丑照。
「这是给我小远?婆看的?势舞，你们这些臭男?都不准看！」"
A104-intro,A104,工科班里的小公主;灰猫大王,data/articles/0104-工科班里的小公主.txt,主角亮相,甜虐关系|主角亮相|人设亮相,12,12,我忍不住拔??量出了声：「你好，这里是工程物理系吗？我们是来报到的。」
A104-dialogue,A104,工科班里的小公主;灰猫大王,data/articles/0104-工科班里的小公主.txt,高张力对白,甜虐关系|高张力对白|情感拉扯|人设亮相,3,3,「宝宝，我最爱??软软的??啦，以后我们?定要团结起来，可不能被这群臭男?欺负了。」
A104-ending,A104,工科班里的小公主;灰猫大王,data/articles/0104-工科班里的小公主.txt,结尾余韵,甜虐关系|结尾余韵|人设亮相,412,414,"或许只是不像他们刻板印象中的女人。
我清楚在这样的环境里，稀缺性别从来都不是优势。
我要成为的也不是桌上那盘被人挑挑拣拣的菜，而是成为上桌的人。"
A105-opening,A105,兰香掷怀;辣玉子,data/articles/0105-兰香掷怀.txt,开头钩子,其他|开头钩子|人设亮相,1,5,"我是 Po 文男主的贴身婢女。
一个色胆包天、空有美貌的恶毒炮灰。
在这个乱搞的世界里，女主吃肉，女配喝汤。
而我，连个嘴子都没吃上。
无所谓，管事嬷嬷说得对。"
A105-intro,A105,兰香掷怀;辣玉子,data/articles/0105-兰香掷怀.txt,主角亮相,其他|主角亮相|人设亮相,1,1,我是 Po 文男主的贴身婢女。
A105-dialogue,A105,兰香掷怀;辣玉子,data/articles/0105-兰香掷怀.txt,高张力对白,其他|高张力对白|人设亮相,71,71,「知道了嬷嬷，我错了，我再也不敢了……真的！对了，谁来提亲了？」
A105-ending,A105,兰香掷怀;辣玉子,data/articles/0105-兰香掷怀.txt,结尾余韵,其他|结尾余韵|人设亮相,1078,1080,"金银玉石、锦衣华袍，都只是附加品。
真正使我变得独一无二的……
是萧珏在我身上花费的时间。"
A106-opening,A106,好不容易哄得深情男二和我坐同桌。,data/articles/0106-救赎反派失败后我死遁了.txt,开头钩子,弹幕/评论|重逢修罗场|开头钩子|信息外挂|轻喜反差|人设亮相,1,5,"搬桌子时，女主突然冲上来抱住他：
「能再见到你真好，这次换我来保护你！」
弹幕疯狂闪过：
【上辈??主错选渣男，还好她重?了，要狠狠追夫！】
【笑死，女主根本不用追，冲深情男二笑笑就能让他甘愿俯?称?。】"
A106-intro,A106,好不容易哄得深情男二和我坐同桌。,data/articles/0106-救赎反派失败后我死遁了.txt,主角亮相,弹幕/评论|重逢修罗场|主角亮相|信息外挂|人设亮相,14,14,我突然觉得没意思，召唤出系统：
A106-dialogue,A106,好不容易哄得深情男二和我坐同桌。,data/articles/0106-救赎反派失败后我死遁了.txt,高张力对白,弹幕/评论|重逢修罗场|高张力对白|情感拉扯|人设亮相,21,21,「你?论做什么都没?，我不喜欢你。」
A106-ending,A106,好不容易哄得深情男二和我坐同桌。,data/articles/0106-救赎反派失败后我死遁了.txt,结尾余韵,弹幕/评论|重逢修罗场|结尾余韵|信息外挂,549,551,"然后他又自杀, 反反复复死亡, 系统救人需要消耗能量，维持世界需要能量, 经不起他反复折腾，最终无可奈何把他送回来了。
不过这些，不必告诉许烟烟就是了。
（完）"
A107-opening,A107,朋友给我发来一段视频。,data/articles/0107-男友觊觎兄弟的女人.txt,开头钩子,都市婚恋|甜虐关系|开头钩子,1,4,"是陆晚舟和一个漂亮女人拥抱亲吻的画面。
但那个女人不是别人。
而是他好兄弟的未婚妻。
更是他嘴里厌恶至极的玩咖、婊子、拜金女。"
A107-intro,A107,朋友给我发来一段视频。,data/articles/0107-男友觊觎兄弟的女人.txt,主角亮相,都市婚恋|甜虐关系|主角亮相|人设亮相,6,6,我不是没收到过关于沈芋的视频。
A107-dialogue,A107,朋友给我发来一段视频。,data/articles/0107-男友觊觎兄弟的女人.txt,高张力对白,都市婚恋|甜虐关系|高张力对白,35,35,「顾漫，你死哪去了？怎么还没到？」
A107-ending,A107,朋友给我发来一段视频。,data/articles/0107-男友觊觎兄弟的女人.txt,结尾余韵,都市婚恋|甜虐关系|结尾余韵|人设亮相,629,631,"统统都会进入到我的口袋。
这一次，我终于学会了。
把所有的温柔与期待，都留给值得的自己。"
A108-opening,A108,闺蜜是芭比孩,data/articles/0108-闺蜜是芭比孩.txt,开头钩子,其他|开头钩子|人设亮相,1,5,"校董儿子放话寻找芭比女孩，闺蜜裸贷二十万只为整容成芭比娃娃。
在她要我帮忙拍裸照的时候，我劝她。
这种公子哥就是随口说说，抽脂的死亡率很高会危及生命，不要这么做。
林朵听从我的话，放弃裸贷。
可后来，真有女生成了「芭比娃娃」，校董的儿子实现诺言，娶她进门。"
A108-intro,A108,闺蜜是芭比孩,data/articles/0108-闺蜜是芭比孩.txt,主角亮相,其他|主角亮相|人设亮相,15,15,我举着手机，前面是我的好朋友林朵。她举着自己的身份证，全身赤裸地站在那里。
A108-dialogue,A108,闺蜜是芭比孩,data/articles/0108-闺蜜是芭比孩.txt,高张力对白,其他|高张力对白|人设亮相,8,8,「是你毁了我嫁入豪门的机会！你该死！」
A108-ending,A108,闺蜜是芭比孩,data/articles/0108-闺蜜是芭比孩.txt,结尾余韵,其他|结尾余韵|人设亮相,468,470,"所以我给举报了。
他们被一锅端了。
（完）"
A109-opening,A109,归去;踏雪泥,data/articles/0109-归去.txt,开头钩子,甜虐关系|开头钩子|情感拉扯|人设亮相,1,5,"家道中落时，我寄居在徐府，给徐二少爷当了九年伴读。
夫人十分喜爱我，有意促成这门亲事。
二少爷当着我的面冷嗤：「就因她爹曾对咱家有恩，我就得娶她？她算什么东西？还比不过贱婢丫鬟。」
说完，也不看我呆愣住的神色，径直拂袖而去。
我细细琢磨着，府中丫鬟会做的事，我也会。丫鬟们不识的字，我也识得，怎么就哪哪都比不上了呢？"
A109-intro,A109,归去;踏雪泥,data/articles/0109-归去.txt,主角亮相,甜虐关系|主角亮相|人设亮相,5,5,我细细琢磨着，府中丫鬟会做的事，我也会。丫鬟们不识的字，我也识得，怎么就哪哪都比不上了呢？
A109-dialogue,A109,归去;踏雪泥,data/articles/0109-归去.txt,高张力对白,甜虐关系|高张力对白|人设亮相,44,44,「臭乞丐，我同你讲，不管我爹娘是怎么想的，我讨厌你，你可别妄想飞上枝头当凤凰！」
A109-ending,A109,归去;踏雪泥,data/articles/0109-归去.txt,结尾余韵,甜虐关系|结尾余韵|人设亮相,437,439,"我说：「程玉, 我们走吧。」
门彻底关上，我抱着程玉给我买的一袋子热乎乎的板栗，心满意足地往回走。
（完）"
A110-opening,A110,以爱为名,data/articles/0110-以爱为名.txt,开头钩子,古言/宫廷|身份反差|甜虐关系|开头钩子|情感拉扯|人设亮相,1,5,"豪门父母把我从拐卖村寻回后。
姐姐以爱为名，将米其林餐厅搬回家，顿顿喂我吃山珍海味，龙虾鲍鱼。
我要是吃不完，她就怀疑我讨厌她，自我惩罚到绝食晕倒。
最后我得了肥胖症，在切胃手术台上被折磨致死。
再睁眼，我重生回到了姐姐第一次闹绝食的夜晚。"
A110-intro,A110,以爱为名,data/articles/0110-以爱为名.txt,主角亮相,古言/宫廷|身份反差|甜虐关系|主角亮相|人设亮相,3,3,我要是吃不完，她就怀疑我讨厌她，自我惩罚到绝食晕倒。
A110-dialogue,A110,以爱为名,data/articles/0110-以爱为名.txt,高张力对白,古言/宫廷|身份反差|甜虐关系|高张力对白|情感拉扯,8,8,「爸，妈，请你们尊重姐姐的意愿，因为港圈太子爷说过，他啊，就喜欢 90 斤的女生！」
A110-ending,A110,以爱为名,data/articles/0110-以爱为名.txt,结尾余韵,古言/宫廷|身份反差|甜虐关系|结尾余韵|人设亮相,609,611,"女性的美丽应该是多样的，健康的, 有力量的，而不是畸形的，瘦弱的, 病态的。
我们独立自强，不依附不攀附，永远向阳而生。
【已完结】"
A111-opening,A111,我是一个亡国的公主，最近的兴趣是新朝太傅。,data/articles/0111-我觊觎美貌太傅那些年.txt,开头钩子,甜虐关系|开头钩子|轻喜反差|情感拉扯|人设亮相,1,5,"新皇帝劝我换个对象，太傅虽然卖相好但太过正直迂腐。
笑死。
没难度我会上手？
我最喜欢霍霍这种朝堂清流了。
毕竟掰断国之栋梁可是我的强项。"
A111-intro,A111,我是一个亡国的公主，最近的兴趣是新朝太傅。,data/articles/0111-我觊觎美貌太傅那些年.txt,主角亮相,甜虐关系|主角亮相|情感拉扯|人设亮相,4,4,我最喜欢霍霍这种朝堂清流了。
A111-dialogue,A111,我是一个亡国的公主，最近的兴趣是新朝太傅。,data/articles/0111-我觊觎美貌太傅那些年.txt,高张力对白,甜虐关系|高张力对白|情感拉扯|人设亮相,36,36,那时我的爱好刚刚觉醒，兴奋拉着皇兄撒娇：「皇兄皇兄，你能不能把他赏给我啊？」
A111-ending,A111,我是一个亡国的公主，最近的兴趣是新朝太傅。,data/articles/0111-我觊觎美貌太傅那些年.txt,结尾余韵,甜虐关系|结尾余韵|轻喜反差,602,604,"分享
知否，知否：最是相思染红豆
美的驴都笑了 等"
A112-opening,A112,我纳的小赘夫又生气了。,data/articles/0112-我纳的小赘夫又生气了.txt,开头钩子,弹幕/评论|古言/宫廷|危机压身|甜虐关系|开头钩子|关系破裂|信息外挂|危机感|轻喜反差|情感拉扯|人设亮相,1,5,"他用和离威胁:「昨夜你又强逼我三次,信不信我告到官府,状你欺辱夫君。」
正要像往常一样说着软话哄他。
眼前忽然飘过弹幕:
【笑晕,跟女配,五分钟草草了事,还嫌脏。要是换作女主宝宝,我们男主早就血脉喷张,大 do 特 do,三天三夜了…】
【男主和女配吵架,一会儿男主就又可以借着冷战的由头,去寺庙找女主宝宝咯。啊啊啊啊七天没看男女主酱酱酿酿了,我们大?丫头馋死了好吗?】"
A112-intro,A112,我纳的小赘夫又生气了。,data/articles/0112-我纳的小赘夫又生气了.txt,主角亮相,弹幕/评论|古言/宫廷|危机压身|甜虐关系|主角亮相|人设亮相,22,22,我也是今日才知晓。
A112-dialogue,A112,我纳的小赘夫又生气了。,data/articles/0112-我纳的小赘夫又生气了.txt,高张力对白,弹幕/评论|古言/宫廷|危机压身|甜虐关系|高张力对白,65,65,"「你,会伺候人吗?」"
A112-ending,A112,我纳的小赘夫又生气了。,data/articles/0112-我纳的小赘夫又生气了.txt,结尾余韵,弹幕/评论|古言/宫廷|危机压身|甜虐关系|结尾余韵,637,639,"他错了。
他醒了。
而今千山万径独行,再没有愿意载他一程的温姑娘。(完)"
A113-opening,A113,得偿所愿;嘻嘻哈哈又一天,data/articles/0113-得偿所愿.txt,开头钩子,其他|开头钩子|人设亮相,1,5,"在最颜控那年，我买下了清贫校草。
和他在破出租屋厮混，房门突然打开了。
我把人护在身后：
「爸，是我强迫他的，有事冲着我来。」
「畜生！」"
A113-intro,A113,得偿所愿;嘻嘻哈哈又一天,data/articles/0113-得偿所愿.txt,主角亮相,其他|主角亮相|人设亮相,3,3,我把人护在身后：
A113-dialogue,A113,得偿所愿;嘻嘻哈哈又一天,data/articles/0113-得偿所愿.txt,高张力对白,其他|高张力对白,16,16,「你，以后别想再踏进夏家的门半步！」
A113-ending,A113,得偿所愿;嘻嘻哈哈又一天,data/articles/0113-得偿所愿.txt,结尾余韵,其他|结尾余韵|人设亮相,845,847,"我闭了闭眼。
拖着装满礼物的行李箱。
一脚深一脚浅地离开了。"
A114-opening,A114,当合欢宗笨蛋遇上无情道学霸,data/articles/0114-当合欢宗笨蛋遇上无情道学霸.txt,开头钩子,仙侠/修仙|开头钩子|人设亮相,1,5,"合欢宗最笨的我，要勾引无情道最优秀的弟子。
大师兄清冷漠然，美若天仙。
他左劈妖狐，右砍艳鬼。
歇息时，却无知地接过我递去的茶水。
面无表情，一饮而尽。"
A114-intro,A114,当合欢宗笨蛋遇上无情道学霸,data/articles/0114-当合欢宗笨蛋遇上无情道学霸.txt,主角亮相,仙侠/修仙|主角亮相|人设亮相,11,11,我下山试炼时，听从师兄建议在山路上勾引人。
A114-dialogue,A114,当合欢宗笨蛋遇上无情道学霸,data/articles/0114-当合欢宗笨蛋遇上无情道学霸.txt,高张力对白,仙侠/修仙|高张力对白,51,51,他喃喃自语：「那她会是谁呢？」
A114-ending,A114,当合欢宗笨蛋遇上无情道学霸,data/articles/0114-当合欢宗笨蛋遇上无情道学霸.txt,结尾余韵,仙侠/修仙|结尾余韵|人设亮相,520,522,"他发出震古烁今的终极疑问——
「为什么从古至今，合欢宗非要逮着无情道薅啊！天爷！让我们道门好歹出个能顺利毕业飞升的吧！」
（完）"
A115-opening,A115,「您的白月光回来了，我也该走了。」,data/articles/0115-月桃晚枝.txt,开头钩子,都市婚恋|甜虐关系|开头钩子|情感拉扯|人设亮相,1,5,"我提着行李箱，充分展示了身为一个替身的专业素养。
「走去哪？走去对面商场五楼的火锅店吗？」
我面不改色：「我不懂您在说什么？没有爱情的婚姻终究是不会长久的，您还是让我走吧。」
温向烛一脸黑线：「我只是不让你吃火锅就是不爱你了？」
我：「有区别吗？」"
A115-intro,A115,「您的白月光回来了，我也该走了。」,data/articles/0115-月桃晚枝.txt,主角亮相,都市婚恋|甜虐关系|主角亮相|人设亮相,1,1,我提着行李箱，充分展示了身为一个替身的专业素养。
A115-dialogue,A115,「您的白月光回来了，我也该走了。」,data/articles/0115-月桃晚枝.txt,高张力对白,都市婚恋|甜虐关系|高张力对白|情感拉扯|人设亮相,3,3,我面不改色：「我不懂您在说什么？没有爱情的婚姻终究是不会长久的，您还是让我走吧。」
A115-ending,A115,「您的白月光回来了，我也该走了。」,data/articles/0115-月桃晚枝.txt,结尾余韵,都市婚恋|甜虐关系|结尾余韵|人设亮相,529,531,"我甩开行李箱，扑过去怒掐他的脸。
「你不讲道理！」
我再也不看霸总小说了！这霸总你就谈吧，一谈一个不吱声。"
A116-opening,A116,自作孽,data/articles/0116-自作孽.txt,开头钩子,甜虐关系|开头钩子|情感拉扯|人设亮相,1,5,"弟弟是全家捧在手心的不之骄子。
父母爱他、外界捧他。
我是衬托金玉的绿叶，少有人过问。
我雇了小 0，下了药，藏好摄像头。
——万事俱备，只等他身败名裂。"
A116-intro,A116,自作孽,data/articles/0116-自作孽.txt,主角亮相,甜虐关系|主角亮相|人设亮相,3,3,我是衬托金玉的绿叶，少有人过问。
A116-dialogue,A116,自作孽,data/articles/0116-自作孽.txt,高张力对白,甜虐关系|高张力对白,62,62,「……哥？哥！你别走！」
A116-ending,A116,自作孽,data/articles/0116-自作孽.txt,结尾余韵,甜虐关系|结尾余韵|人设亮相,946,948,"一辈子那么长，我们耗得起。
反正，也不差这一会儿了。
不是吗？"
A117-opening,A117,傅崇的白月光开车，把骑自行车的我撞了。,data/articles/0117-3心动者偏差.txt,开头钩子,其他|开头钩子|人设亮相,1,5,"傅崇赶到现场。
白?光舒了口气：
「我男朋友来啦，你想要什么赔偿跟他助理说就好。」
傅崇将外套拢在她?上。
又蹙眉看向我流?的膝盖，盯了许久。"
A117-intro,A117,傅崇的白月光开车，把骑自行车的我撞了。,data/articles/0117-3心动者偏差.txt,主角亮相,其他|主角亮相|人设亮相,9,9,我安静地坐在路边贴创可贴，对他的话没什么反应。
A117-dialogue,A117,傅崇的白月光开车，把骑自行车的我撞了。,data/articles/0117-3心动者偏差.txt,高张力对白,其他|高张力对白|人设亮相,39,39,「你放心提任何要求吧，我男朋友很有钱，都会答应你的！」
A117-ending,A117,傅崇的白月光开车，把骑自行车的我撞了。,data/articles/0117-3心动者偏差.txt,结尾余韵,其他|结尾余韵|人设亮相,1105,1107,"「倪颂，你还能不能再给我次机会？」
「我们重新开始。」
(全文完)"
A118-opening,A118,系统弄错了攻略对象，但他是犟种，非要我将错就错。,data/articles/0118-不是哥们，我男的.txt,开头钩子,系统/攻略|开头钩子|信息外挂|人设亮相,1,5,"「不是哥们，你让我一个男的，去勾引男主？」
系统死一样地平静：【工作而已，谁没有捅过娄子。】
【流程走完就行，他又不会真睡你。】
是夜，我穿着薄到透明的衬衫，戴上胸链，爬了男主的床。
看到我的瞬间，他暴戾的神色骤喜，跟狗见了骨头似的猛扑过来。"
A118-intro,A118,系统弄错了攻略对象，但他是犟种，非要我将错就错。,data/articles/0118-不是哥们，我男的.txt,主角亮相,系统/攻略|主角亮相|信息外挂|人设亮相,9,9,我的系统是个坑货，把我提前一年传送进小说时，女主还在千里之外读高三。
A118-dialogue,A118,系统弄错了攻略对象，但他是犟种，非要我将错就错。,data/articles/0118-不是哥们，我男的.txt,高张力对白,系统/攻略|高张力对白|人设亮相,100,100,「你烦不烦，我回答问题你是会给我钱吗？」
A118-ending,A118,系统弄错了攻略对象，但他是犟种，非要我将错就错。,data/articles/0118-不是哥们，我男的.txt,结尾余韵,系统/攻略|结尾余韵|人设亮相,658,660,"「再奖励我一下，好不好？」
死男同，我真服了。
虽然我也觉得挺爽的。"
A119-opening,A119,失忆人夫上位计划;爱吃糖,data/articles/0119-失忆人夫上位计划.txt,开头钩子,都市婚恋|身份反差|甜虐关系|开头钩子|人设亮相,1,5,"我的高冷禁欲系丈夫最近有点古怪。
和我出门要全副武装，门铃一响就立马钻进衣柜，天天咬牙切齿地盯着我手上的戒指。
后来一天，我无意地在他手机里发现一份加密备忘录：
「一觉醒来，我从十八岁穿越到了二十八岁。」
「好消息，我确实和暗恋多年的女孩在一起了。」"
A119-intro,A119,失忆人夫上位计划;爱吃糖,data/articles/0119-失忆人夫上位计划.txt,主角亮相,都市婚恋|身份反差|甜虐关系|主角亮相|人设亮相,1,1,我的高冷禁欲系丈夫最近有点古怪。
A119-dialogue,A119,失忆人夫上位计划;爱吃糖,data/articles/0119-失忆人夫上位计划.txt,高张力对白,都市婚恋|身份反差|甜虐关系|高张力对白|人设亮相,28,28,「我们……维持这种关系多久了？」
A119-ending,A119,失忆人夫上位计划;爱吃糖,data/articles/0119-失忆人夫上位计划.txt,结尾余韵,都市婚恋|身份反差|甜虐关系|结尾余韵|人设亮相,586,588,"我忍无可忍，直接给了他一脚。
「陆覃！你个神经病！自己还吃自己的醋！」
（完）"
A120-opening,A120,月亮奔我而来;褚又,data/articles/0120-月亮奔我而来.txt,开头钩子,其他|开头钩子|轻喜反差|人设亮相,1,5,"皮?生意做到第二年，我遇上?明星梁牧铮。
?患抑郁症的他躺在地上，?声地跟我求救。
我索性将他抱在怀?。
就这么陪他挨过?次??次无助的人间地狱。
直到第三百天，我怀里的这个人带着笑意跟我说："
A120-intro,A120,月亮奔我而来;褚又,data/articles/0120-月亮奔我而来.txt,主角亮相,其他|主角亮相|人设亮相,3,3,我索性将他抱在怀?。
A120-dialogue,A120,月亮奔我而来;褚又,data/articles/0120-月亮奔我而来.txt,高张力对白,其他|高张力对白|情感拉扯|人设亮相,61,61,「更何况，哥哥不是说最喜欢小柯了吗？哥哥是在骗我们吗？」
A120-ending,A120,月亮奔我而来;褚又,data/articles/0120-月亮奔我而来.txt,结尾余韵,其他|结尾余韵|情感拉扯|人设亮相,607,609,"它们大相径庭，我们难补缺憾。
但爱你的人，不会因此而松开你的手。
爱你的人，会将你人生路上的那抹枯朽，当作你独一无二的功勋章。"
A121-opening,A121,18顶流弟弟是社恐,data/articles/0121-顶流弟弟是社恐.txt,开头钩子,其他|开头钩子|人设亮相,1,5,"顶流弟弟是社恐
我三个顶流弟弟是社恐，而我是个社牛。
为了躲我，他们参加了一个种菜综艺。
我——十八线小糊咖空降登场！
却被全网群嘲热脸贴人家冷屁股。"
A121-intro,A121,18顶流弟弟是社恐,data/articles/0121-顶流弟弟是社恐.txt,主角亮相,其他|主角亮相|人设亮相,2,2,我三个顶流弟弟是社恐，而我是个社牛。
A121-dialogue,A121,18顶流弟弟是社恐,data/articles/0121-顶流弟弟是社恐.txt,高张力对白,其他|高张力对白|人设亮相,35,35,「蹭？我当然得去蹭！不蹭破他们一层皮，我是不会回来的。」
A121-ending,A121,18顶流弟弟是社恐,data/articles/0121-顶流弟弟是社恐.txt,结尾余韵,其他|结尾余韵,508,510,"第二眼：余生。
第三眼：中华人民共和国顾瑶的一生。
嘿嘿，兴奋得嘞。"
A122-opening,A122,继兄是个恋爱脑;嘎嘎乐,data/articles/0122-继兄是个恋爱脑.txt,开头钩子,奇幻/异种|重逢修罗场|甜虐关系|开头钩子|人设亮相,1,5,"前男友成了我哥。
我彻底疯魔。
我往他牛奶里掺奶茶。
他喝完之后眼神迷离地质问我：
「你敢给我下春药？」"
A122-intro,A122,继兄是个恋爱脑;嘎嘎乐,data/articles/0122-继兄是个恋爱脑.txt,主角亮相,奇幻/异种|重逢修罗场|甜虐关系|主角亮相|人设亮相,2,2,我彻底疯魔。
A122-dialogue,A122,继兄是个恋爱脑;嘎嘎乐,data/articles/0122-继兄是个恋爱脑.txt,高张力对白,奇幻/异种|重逢修罗场|甜虐关系|高张力对白|情感拉扯|人设亮相,27,27,「我池砚，永远也不会喜欢你这种朝三暮四的女人！」
A122-ending,A122,继兄是个恋爱脑;嘎嘎乐,data/articles/0122-继兄是个恋爱脑.txt,结尾余韵,奇幻/异种|重逢修罗场|甜虐关系|结尾余韵|轻喜反差|人设亮相,622,624,"我收回目光，无奈一笑。
傻点就傻点吧，下雨知道往家跑就行。
—【完】—"
A123-opening,A123,竹马让我复读后by更还生,data/articles/0123-竹马让我复读后.txt,开头钩子,甜虐关系|开头钩子|轻喜反差|情感拉扯|人设亮相,1,5,"志愿截止最后一天。
我发现我的 985 高校志愿被竹马改成了本地的大专。
我想找他要一个说法，却意外听见他和别人聊天。
「霍宸，你考 630 报大专，也不怕你妈说你啊？」
霍宸漫不经心地一笑：「还不是昭昭没考好，我报大专我妈肯定让我复读，到时候就能陪着昭昭了。」"
A123-intro,A123,竹马让我复读后by更还生,data/articles/0123-竹马让我复读后.txt,主角亮相,甜虐关系|主角亮相|情感拉扯|人设亮相,2,2,我发现我的 985 高校志愿被竹马改成了本地的大专。
A123-dialogue,A123,竹马让我复读后by更还生,data/articles/0123-竹马让我复读后.txt,高张力对白,甜虐关系|高张力对白,29,29,张炎啧啧称奇：「许卿就算是脾气好你这样搞她她也会翻脸吧？」
A123-ending,A123,竹马让我复读后by更还生,data/articles/0123-竹马让我复读后.txt,结尾余韵,甜虐关系|结尾余韵|人设亮相,318,320,"我们最后还是走到了面目全非的地步，但这从来都不是我的错。
虽然惋惜, 但我很庆幸。
霍宸，从此我们天高海阔，一别两宽。"
A124-opening,A124,学生成为顶流后，综艺控诉我霸凌;姜早早,data/articles/0124-学生成为顶流后，综艺控诉我霸凌.txt,开头钩子,校园|开头钩子|人设亮相,1,5,"学生出道后爆火，在综艺上痛斥自己曾遭受校园霸凌。
「我始终不明白，做错了事，为什么老师不是选择教育我，?是通过孤立我的方式？」
他的粉丝没多久就扒出了我这个罪魁祸首。
直播来学校堵我为他讨回公道。
我卡上?蜜蜂，打开幻灯?。"
A124-intro,A124,学生成为顶流后，综艺控诉我霸凌;姜早早,data/articles/0124-学生成为顶流后，综艺控诉我霸凌.txt,主角亮相,校园|主角亮相|人设亮相,5,5,我卡上?蜜蜂，打开幻灯?。
A124-dialogue,A124,学生成为顶流后，综艺控诉我霸凌;姜早早,data/articles/0124-学生成为顶流后，综艺控诉我霸凌.txt,高张力对白,校园|高张力对白|人设亮相,10,10,「我让其他同学别和他玩，这很过分吗？」
A124-ending,A124,学生成为顶流后，综艺控诉我霸凌;姜早早,data/articles/0124-学生成为顶流后，综艺控诉我霸凌.txt,结尾余韵,校园|结尾余韵|轻喜反差|人设亮相,575,577,"我合上课本，微笑着对他们说。
「同学们，记住, 诚实，是你们一生最重要的通行证。」
岁月静好，一如往常。"
A125-opening,A125,长恨;揽成,data/articles/0125-长恨.txt,开头钩子,弹幕/评论|古言/宫廷|危机压身|甜虐关系|开头钩子|关系破裂|信息外挂|危机感|轻喜反差|情感拉扯|人设亮相,1,5,"我纳的小赘夫又生气了。
他用和离威胁:「昨夜你又强逼我三次,信不信我告到官府,状你欺辱夫君。」
正要像往常一样说着软话哄他。
眼前忽然飘过弹幕:
【笑晕,跟女配,五分钟草草了事,还嫌脏。要是换作女主宝宝,我们男主早就血脉喷张,大 do 特 do,三天三夜了…】"
A125-intro,A125,长恨;揽成,data/articles/0125-长恨.txt,主角亮相,弹幕/评论|古言/宫廷|危机压身|甜虐关系|主角亮相|人设亮相,1,1,我纳的小赘夫又生气了。
A125-dialogue,A125,长恨;揽成,data/articles/0125-长恨.txt,高张力对白,弹幕/评论|古言/宫廷|危机压身|甜虐关系|高张力对白,66,66,"「你,会伺候人吗?」"
A125-ending,A125,长恨;揽成,data/articles/0125-长恨.txt,结尾余韵,弹幕/评论|古言/宫廷|危机压身|甜虐关系|结尾余韵,638,640,"他错了。
他醒了。
而今千山万径独行,再没有愿意载他一程的温姑娘。(完)"
A126-opening,A126,黎梨缓缓归;麻辣太妃糖,data/articles/0126-黎梨缓缓归.txt,开头钩子,古言/宫廷|开头钩子|人设亮相,1,5,"我从小就是温吞性?。
幼时和夫子初?，兄弟姐妹们都争着秀?采，只有我?动于衷。
及笄后选夫婿，姐姐们都挑丞相之?将军之后，?娘问我嫁那个穷书?行不?。
我娘使劲给我使眼?，急得帕?都要绞断了。
但在众人复杂的目光?，我缓缓吐出一个字："
A126-intro,A126,黎梨缓缓归;麻辣太妃糖,data/articles/0126-黎梨缓缓归.txt,主角亮相,古言/宫廷|主角亮相|人设亮相,1,1,我从小就是温吞性?。
A126-dialogue,A126,黎梨缓缓归;麻辣太妃糖,data/articles/0126-黎梨缓缓归.txt,高张力对白,古言/宫廷|高张力对白|人设亮相,19,19,那?大娘问我愿不愿意嫁给穷书?，我说「行」之后，我娘回院?大发一通脾气。
A126-ending,A126,黎梨缓缓归;麻辣太妃糖,data/articles/0126-黎梨缓缓归.txt,结尾余韵,古言/宫廷|结尾余韵|人设亮相,743,745,"明明是因为。
世界待我如草芥，你却视我如珍宝。
我才对你好。"
A127-opening,A127,漂流瓶的花语,data/articles/0127-漂流瓶的花语.txt,开头钩子,其他|开头钩子|人设亮相,1,5,"我在海边捡到一个漂流瓶。
里面有张纸条：【老师，第一名必须要用身体交换吗？】
我以为这是谁的恶趣味，将瓶子放回了海里。
三天后，我回单位工作，同事说有个案子很棘手。
他指着一张照片。"
A127-intro,A127,漂流瓶的花语,data/articles/0127-漂流瓶的花语.txt,主角亮相,其他|主角亮相|人设亮相,1,1,我在海边捡到一个漂流瓶。
A127-dialogue,A127,漂流瓶的花语,data/articles/0127-漂流瓶的花语.txt,高张力对白,其他|高张力对白,117,117,师傅拧眉，压低声音问她：「你是谁？你怎么觉得他不是自己想死？」
A127-ending,A127,漂流瓶的花语,data/articles/0127-漂流瓶的花语.txt,结尾余韵,其他|结尾余韵|人设亮相,686,688,"你还在等他的结果吗？
局里来了电话，同事催促我回去。
「又有了新案件。」"
A128-opening,A128,不该;甜哇,data/articles/0128-不该.txt,开头钩子,系统/攻略|重逢修罗场|开头钩子|信息外挂|人设亮相,1,5,"攻略暴戾反派后，我怀了他的孩子。
系统却告诉我，我攻略错了人。
挡了反派本该遇到女主的感情线。
为了让剧情重回正轨，我揣崽跑路了。
再见面，秦深行和男主正因为女主沈思大打出手。"
A128-intro,A128,不该;甜哇,data/articles/0128-不该.txt,主角亮相,系统/攻略|重逢修罗场|主角亮相|人设亮相,8,8,我坐在旁边，默默举手，「我……我的。」
A128-dialogue,A128,不该;甜哇,data/articles/0128-不该.txt,高张力对白,系统/攻略|重逢修罗场|高张力对白|情感拉扯|人设亮相,35,35,我转过身，将他轻轻推开了，「你是真的爱我吗？」
A128-ending,A128,不该;甜哇,data/articles/0128-不该.txt,结尾余韵,系统/攻略|重逢修罗场|结尾余韵|人设亮相,662,664,"「不是说想吃我做的菜吗？」
「我们回家。」
（完）"
A129-opening,A129,贫困生带全班吃9.9元的自助餐;西栀,data/articles/0129-贫困生带全班吃9.9元的自助餐.txt,开头钩子,现实反差|甜虐关系|开头钩子|人设亮相,1,5,"大一新生聚餐，贫困生提议去吃 9.9 元的小龙虾自助。
我怕不干净拒绝了，转头邀请大家去我家餐厅吃饭。
没想到聚餐结束发起群收款码时，贫困生却带头大骂道：
【黑心烂肝的奸商，打完五折竟然还要 99 元，你怎么不去抢钱啊？】
【亏我们还是你的同学，竟然这样占我们的便宜，还要不要脸啊？】"
A129-intro,A129,贫困生带全班吃9.9元的自助餐;西栀,data/articles/0129-贫困生带全班吃9.9元的自助餐.txt,主角亮相,现实反差|甜虐关系|主角亮相|人设亮相,2,2,我怕不干净拒绝了，转头邀请大家去我家餐厅吃饭。
A129-dialogue,A129,贫困生带全班吃9.9元的自助餐;西栀,data/articles/0129-贫困生带全班吃9.9元的自助餐.txt,高张力对白,现实反差|甜虐关系|高张力对白,30,30,「9.9 元的自助餐怎么就不能吃了？你他妈的胃是金子做得呀？吃了就会死吗？」
A129-ending,A129,贫困生带全班吃9.9元的自助餐;西栀,data/articles/0129-贫困生带全班吃9.9元的自助餐.txt,结尾余韵,现实反差|甜虐关系|结尾余韵|人设亮相,467,469,"我比较小心眼，无法做到和他们和平共处。
反正今后也不会和这帮人有任何交集。
等待我的将会是美好的未来。"
A130-opening,A130,忘本系列：给个机会;星月,data/articles/0130-忘本系列：给个机会.txt,开头钩子,甜虐关系|开头钩子|情感拉扯|人设亮相,1,5,"隔着网和男神表白，他直接拒绝：
「我不喜欢女的。」
这不对口了吗？
「太好了宝宝，我是男的！」
对面沉默一阵，突然破防："
A130-intro,A130,忘本系列：给个机会;星月,data/articles/0130-忘本系列：给个机会.txt,主角亮相,甜虐关系|主角亮相|人设亮相,16,16,我深吸了口气，有些紧张。
A130-dialogue,A130,忘本系列：给个机会;星月,data/articles/0130-忘本系列：给个机会.txt,高张力对白,甜虐关系|高张力对白|情感拉扯|人设亮相,6,6,「非要我明说？我不喜欢你，也绝不会喜欢上你！」
A130-ending,A130,忘本系列：给个机会;星月,data/articles/0130-忘本系列：给个机会.txt,结尾余韵,甜虐关系|结尾余韵|人设亮相,738,740,"「这是我的号！」
晏殊：「……」
「对不起！哥！我错了！」"
A131-opening,A131,冷战七年后他求我复合;一丝竹,data/articles/0131-冷战七年后他求我复合.txt,开头钩子,都市婚恋|重逢修罗场|开头钩子|人设亮相,1,5,"出差刚下飞机，就在机场遇见前任的妹妹。
她问我：「七年过去了，你打算什么时候向我哥道歉？」
她哥周赢是我前男友，七年前我们差点结婚。
可就在订婚宴上，他却当众悔婚，还说我肚里的孩子不是他的。
他祝我和我的奸夫白头偕老，又牵起一旁的小助理转身离去。"
A131-intro,A131,冷战七年后他求我复合;一丝竹,data/articles/0131-冷战七年后他求我复合.txt,主角亮相,都市婚恋|重逢修罗场|主角亮相|轻喜反差|人设亮相,9,9,我听笑了：「我孩子都上幼儿园了，还复什么合！」
A131-dialogue,A131,冷战七年后他求我复合;一丝竹,data/articles/0131-冷战七年后他求我复合.txt,高张力对白,都市婚恋|重逢修罗场|高张力对白|情感拉扯|人设亮相,21,21,「我们这个圈子谁不知道你是我哥的舔狗？你那么喜欢他，为了他放弃了所有人都羡慕的高薪工作，你怎么可能嫁给其他男人？」
A131-ending,A131,冷战七年后他求我复合;一丝竹,data/articles/0131-冷战七年后他求我复合.txt,结尾余韵,都市婚恋|重逢修罗场|结尾余韵|人设亮相,352,354,"因为我和季休真下星期就要带着女儿去国外旅游。
我们生活得很幸福，以后会更加的幸福。
（完）"
A132-opening,A132,对白眼狼不要心软;萤火坠梦河,data/articles/0132-对白眼狼不要心软.txt,开头钩子,其他|开头钩子|人设亮相,1,5,"姑姑给堂妹办了走读，让她来我家借住。
可她没给我生活费，只是给了我一堆二维码截图。
「这些团购券你收着，够她的??住?了！」
我一看，好家伙，?毛钱?片的卫生巾券，不计其数的白粥馒头团购券，甚?连衣服都是不知名店里的打折旧货。
为了不让堂妹在自卑里成?，我瞒下了这些事。"
A132-intro,A132,对白眼狼不要心软;萤火坠梦河,data/articles/0132-对白眼狼不要心软.txt,主角亮相,其他|主角亮相|人设亮相,4,4,我一看，好家伙，?毛钱?片的卫生巾券，不计其数的白粥馒头团购券，甚?连衣服都是不知名店里的打折旧货。
A132-dialogue,A132,对白眼狼不要心软;萤火坠梦河,data/articles/0132-对白眼狼不要心软.txt,高张力对白,其他|高张力对白|人设亮相,104,104,林清漪的身体剧烈地颤抖起来，她猛地坐起来，冲我嘶吼：「林听然！你太过分了！你别欺人太甚！」
A132-ending,A132,对白眼狼不要心软;萤火坠梦河,data/articles/0132-对白眼狼不要心软.txt,结尾余韵,其他|结尾余韵|人设亮相,523,525,"然后，我淡然地升起车窗, 驱车离去。
未来的路还很长，我会带着我的勇气和智慧，好好地为自己活一次。
【完】"
A133-opening,A133,第 34 节：作精阔太逆袭了,data/articles/0133-作精阔太逆袭了.txt,开头钩子,都市婚恋|仙侠/修仙|开头钩子|人设亮相,1,5,"车祸后，我的心智回到了二十岁出头。
婆媳综艺上，别的婆婆催生催孕，而我带她度假 SPA，传授永葆青春秘诀：
「不婚不育芳龄永继，不生不养仙寿恒昌。」
别的婆媳矛盾频频，而我帮儿媳妇拳打白莲手撕绿茶，拍下亿万珠宝安慰她：
「有钱有颜有事业，有婆婆疼，丑老公还不回家，有什么不好的？」"
A133-intro,A133,第 34 节：作精阔太逆袭了,data/articles/0133-作精阔太逆袭了.txt,主角亮相,都市婚恋|仙侠/修仙|主角亮相|人设亮相,9,9,我睡到日上三竿才醒，一蹦一跳瘸着腿从楼上下去。
A133-dialogue,A133,第 34 节：作精阔太逆袭了,data/articles/0133-作精阔太逆袭了.txt,高张力对白,都市婚恋|仙侠/修仙|高张力对白,45,45,「她还敢嫌弃舒舒？有本事自己做啊！」
A133-ending,A133,第 34 节：作精阔太逆袭了,data/articles/0133-作精阔太逆袭了.txt,结尾余韵,都市婚恋|仙侠/修仙|结尾余韵,625,627,"「你确定傅言是这个时候怀上的？」
「不确定，再试试。」
没办法，总不能因为儿子连儿媳妇都不要吧？备案号:YXX1R9kxzyvTjpvvKzIkLjZ"
A134-opening,A134,14直球恋爱法,data/articles/0134-14直球恋爱法.txt,开头钩子,甜虐关系|开头钩子|人设亮相,1,5,"刚军训结束，我顶着张黑炭脸准备翻墙，误打误撞进一个表白现场。
墙底下，素日冷漠不近人情的周橙学姐正低头向前面人表白，结果——被拒绝了。
对方背对着我，看不见脸，声音倒好听，又低又磁，像挠耳尖似的。
我撑在墙上的手颤颤巍巍，不知该不该往回跳。
学姐走后，他恰好回身，和我对上视线，我忍不住愣了愣。"
A134-intro,A134,14直球恋爱法,data/articles/0134-14直球恋爱法.txt,主角亮相,甜虐关系|主角亮相|人设亮相,4,4,我撑在墙上的手颤颤巍巍，不知该不该往回跳。
A134-dialogue,A134,14直球恋爱法,data/articles/0134-14直球恋爱法.txt,高张力对白,甜虐关系|高张力对白|人设亮相,40,40,「是吧！」张清直吸气，「这年头帅哥多稀奇啊，还是和我同校的！这么极品，我简直不敢相信。」
A134-ending,A134,14直球恋爱法,data/articles/0134-14直球恋爱法.txt,结尾余韵,甜虐关系|结尾余韵|轻喜反差,695,697,"汤浅闭上眼睛笑，笑了差不多一分钟，于绻也耐心等她笑够。
然后听见她的回答：「me too。」
—全文完—"
A135-opening,A135,50岁岁良辰年年鑫,data/articles/0135-50岁岁良辰年年鑫.txt,开头钩子,古言/宫廷|都市婚恋|开头钩子|关系破裂|人设亮相,1,5,"媚色如刀：为君化作绕指柔
我是整个大梁最尊贵、最有钱的女子，皇帝亲封的灵毓郡主，未来的太子妃。
可是在大婚前一晚，太子为了女使林容微，要与我退婚。
他以为我是因为他，才被封为郡主。
却不知，只有我选中的皇子，才能成为太子。"
A135-intro,A135,50岁岁良辰年年鑫,data/articles/0135-50岁岁良辰年年鑫.txt,主角亮相,古言/宫廷|都市婚恋|主角亮相|人设亮相,2,2,我是整个大梁最尊贵、最有钱的女子，皇帝亲封的灵毓郡主，未来的太子妃。
A135-dialogue,A135,50岁岁良辰年年鑫,data/articles/0135-50岁岁良辰年年鑫.txt,高张力对白,古言/宫廷|都市婚恋|高张力对白|人设亮相,31,31,他对皇帝许下了一生的承诺：「我永远是你的后盾，只要章家在，你就别愁没钱。放手干吧！」
A135-ending,A135,50岁岁良辰年年鑫,data/articles/0135-50岁岁良辰年年鑫.txt,结尾余韵,古言/宫廷|都市婚恋|结尾余韵,503,505,"分享
媚色如刀：为君化作绕指柔
子暖 等"
A136-opening,A136,一梦别相思;白团芝麻圆,data/articles/0136-一梦别相思.txt,开头钩子,古言/宫廷|开头钩子|人设亮相,1,5,"新帝有夜游症。
每当月夜便到寝殿与我厮混，三月之后，我意外有了身孕。
正惶恐不安时，前朝有?提起后宫妃嫔，新帝神?淡漠：「先帝仁慈，?须陪葬，妃嫔们自归家去吧。」
我松了口气。
对于先帝妃嫔而?，这已是极好的出路。"
A136-intro,A136,一梦别相思;白团芝麻圆,data/articles/0136-一梦别相思.txt,主角亮相,古言/宫廷|主角亮相|人设亮相,4,4,我松了口气。
A136-dialogue,A136,一梦别相思;白团芝麻圆,data/articles/0136-一梦别相思.txt,高张力对白,古言/宫廷|高张力对白|人设亮相,60,60,男人的眼底清明起来，我正要上前，却见他皱了眉：「朕怎么会在这里？」
A136-ending,A136,一梦别相思;白团芝麻圆,data/articles/0136-一梦别相思.txt,结尾余韵,古言/宫廷|结尾余韵|轻喜反差|人设亮相,508,510,"似是看出了我的想法，他的眉眼弯了弯，蓦地，郑重开口：「阿宁，朕愿以江山为聘, 聘汝为妇, 与卿共赏山河，此生不负！」
我怔了片刻, 回以一笑。
错过两年，其间多少恨海情天，如今终得圆满。"
A137-opening,A137,弹幕说我们会BE,data/articles/0137-弹幕说我们会BE.txt,开头钩子,弹幕/评论|开头钩子|信息外挂|人设亮相,1,5,"暗恋余淮初的第六年，
我突然翻到了他送我的钢笔。
弹幕突然闪过。
【来了，究极 BE 名场面来了。】
【哦豁，女主会发现钢笔里的小纸条吗？】"
A137-intro,A137,弹幕说我们会BE,data/articles/0137-弹幕说我们会BE.txt,主角亮相,弹幕/评论|主角亮相|人设亮相,2,2,我突然翻到了他送我的钢笔。
A137-dialogue,A137,弹幕说我们会BE,data/articles/0137-弹幕说我们会BE.txt,高张力对白,弹幕/评论|高张力对白|人设亮相,26,26,我犹豫了下，还是先发了消息，「余同学，最近好吗？」
A137-ending,A137,弹幕说我们会BE,data/articles/0137-弹幕说我们会BE.txt,结尾余韵,弹幕/评论|结尾余韵|人设亮相,684,686,"他眼睛亮如晨星，「小音……」
「嫁给我好吗？」
「这一次，终于可以不用再等六年了。」"
A138-opening,A138,轻轻想你,data/articles/0138-轻轻想你.txt,开头钩子,校园|开头钩子|人设亮相,1,5,"简介:
一个是稳坐年级第一宝座、全科制霸的学神少女；一个是“吊车尾联盟”常驻成员、声称自己对学习过敏的偏科少年。
初遇时两人不打不相识
许轻轻：“你偷东西你还有理了？”
“随便进别人家我看你才是贼喊捉贼吧？”周珩吃痛“嘶”了一声，高声痛呼：“啊啊啊你怎么咬人呐！好好的人不做为什么要学狗？”"
A138-intro,A138,轻轻想你,data/articles/0138-轻轻想你.txt,主角亮相,校园|主角亮相|人设亮相,11,11,我所能想到最美好的事情，无非是春天的风，夏天的雨，秋天的落叶，冬天的雪，以及十七岁的你。
A138-dialogue,A138,轻轻想你,data/articles/0138-轻轻想你.txt,高张力对白,校园|高张力对白|人设亮相,5,5,“随便进别人家我看你才是贼喊捉贼吧？”周珩吃痛“嘶”了一声，高声痛呼：“啊啊啊你怎么咬人呐！好好的人不做为什么要学狗？”
A138-ending,A138,轻轻想你,data/articles/0138-轻轻想你.txt,结尾余韵,校园|结尾余韵|轻喜反差,3078,3080,"俩人相视一笑：“跑！”
紧握住彼此的手，从现在跑向未来。
往后余生，春风秋雨，冬雪夏阳，目光所及，心之所向，皆是你。"
A139-opening,A139,捡漏大佬后，我躺赢了;会中彩票的靓,data/articles/0139-捡漏大佬后，我躺赢了.txt,开头钩子,弹幕/评论|都市婚恋|甜虐关系|开头钩子|情感拉扯|人设亮相,1,5,"师兄酷爱养蛇。
师妹故意养病蛇，天天找他请教。
教着教着，我和师兄的婚事黄了。
师妹上位，把我逐出宗?那天。
还顺手摔了条蛇过来："
A139-intro,A139,捡漏大佬后，我躺赢了;会中彩票的靓,data/articles/0139-捡漏大佬后，我躺赢了.txt,主角亮相,弹幕/评论|都市婚恋|甜虐关系|主角亮相|信息外挂|人设亮相,8,8,我却看到弹幕：
A139-dialogue,A139,捡漏大佬后，我躺赢了;会中彩票的靓,data/articles/0139-捡漏大佬后，我躺赢了.txt,高张力对白,弹幕/评论|都市婚恋|甜虐关系|高张力对白|人设亮相,7,7,「养这种畜?，恶?得我想吐。」
A139-ending,A139,捡漏大佬后，我躺赢了;会中彩票的靓,data/articles/0139-捡漏大佬后，我躺赢了.txt,结尾余韵,弹幕/评论|都市婚恋|甜虐关系|结尾余韵|人设亮相,793,795,"专门去搜罗此类话本，每夜在床榻上跟我撒娇：
「姐姐，这个好意思。」
「陪我演一遍，好不好？」"
A140-opening,A140,她是猫猫by姜糖秋,data/articles/0140-她是猫猫.txt,开头钩子,弹幕/评论|甜虐关系|开头钩子|信息外挂|情感拉扯|人设亮相,1,5,"大一那年，港圈最尊贵的男人突然提出要资助我。
我刚要拉住那只矜贵修长的手，眼前突然出现条条弹幕。
【炮灰女配还以为自己遇到了人生中的救赎，殊不知男主只是因为生小侄女的气，才考虑资助一个女学生的，她长得漂亮，又是孤儿，刚好合适而已。】
【这个女配马上就会被男主赶走的，女主宝宝为了讨小叔开心，亲自去宠物店挑小叔最喜欢的猫猫啦！】
【男主喜欢女主很大部分就是因为她的猫系长相，谁能想到表面沉稳自持的小叔是个极致猫猫控呢！】"
A140-intro,A140,她是猫猫by姜糖秋,data/articles/0140-她是猫猫.txt,主角亮相,弹幕/评论|甜虐关系|主角亮相|信息外挂|人设亮相,2,2,我刚要拉住那只矜贵修长的手，眼前突然出现条条弹幕。
A140-dialogue,A140,她是猫猫by姜糖秋,data/articles/0140-她是猫猫.txt,高张力对白,弹幕/评论|甜虐关系|高张力对白|人设亮相,34,34,「听说晚上会打雷，我……我很怕，先生，我可不可以今晚就和你一起回去呀？」
A140-ending,A140,她是猫猫by姜糖秋,data/articles/0140-她是猫猫.txt,结尾余韵,弹幕/评论|甜虐关系|结尾余韵,661,663,"做妈妈多累啊。
他的小猫。
只需要天天开心就够了。"
A141-opening,A141,毒舌友的区别对待;尽阳,data/articles/0141-毒舌友的区别对待.txt,开头钩子,危机压身|开头钩子|人设亮相,1,5,"秦闻彻是出了名的毒舌。
我属于微胖类型，在看见我做网拍模特时商家寄来的白色蕾丝裙样品后，他戏谑开口：
「你非要穿上它自取其辱么，不知道的还以为谁家母猪在玩捆绑。」
我不知道因为秦闻彻说话难听破防过多少次，但每次都因为秦闻彻实在美貌又出手大方，逼迫自己不在意。
直到社团里的学妹在辩论赛前夕，把我们的辩论文稿泄露给了反方。"
A141-intro,A141,毒舌友的区别对待;尽阳,data/articles/0141-毒舌友的区别对待.txt,主角亮相,危机压身|主角亮相|人设亮相,2,2,我属于微胖类型，在看见我做网拍模特时商家寄来的白色蕾丝裙样品后，他戏谑开口：
A141-dialogue,A141,毒舌友的区别对待;尽阳,data/articles/0141-毒舌友的区别对待.txt,高张力对白,危机压身|高张力对白|人设亮相,18,18,「行了，你别在我面前掉眼泪，你今天就算哭死在这，也流不干你脑子里的水！」
A141-ending,A141,毒舌友的区别对待;尽阳,data/articles/0141-毒舌友的区别对待.txt,结尾余韵,危机压身|结尾余韵|人设亮相,390,392,"我的眼皮颤了颤，删除了那条信息，顺便将秦闻彻拉黑。
既然已经走了出来，那我就不想再受困于旧事了。
那不值得。"
A142-opening,A142,左柚;可乐加冰更好喝,data/articles/0142-左柚.txt,开头钩子,弹幕/评论|开头钩子|信息外挂|人设亮相,1,5,"最缺钱那年，我从室友口中得知隔壁院系大小姐患病的消息后，悄悄去做了匹配。
结果出来后第一时间，大小姐的二哥找到我，和我签署合同，并以最快速度安排我住院。
就在这时，弹幕突然闪现在我眼前：「宝宝别签，他是你哥。」
「亲的。」
「宋鹤眠你会后悔的，你们找了这么久的妹妹，要被你亲手送上手术台。」"
A142-intro,A142,左柚;可乐加冰更好喝,data/articles/0142-左柚.txt,主角亮相,弹幕/评论|主角亮相|人设亮相,6,6,我没理睬。
A142-dialogue,A142,左柚;可乐加冰更好喝,data/articles/0142-左柚.txt,高张力对白,弹幕/评论|高张力对白,60,60,「前面的恶意别那么大好吗？人家就是顺口一问，关心一下女主罢了。」
A142-ending,A142,左柚;可乐加冰更好喝,data/articles/0142-左柚.txt,结尾余韵,弹幕/评论|结尾余韵,519,521,"也许这是一个好的开始，不是吗？
宋宴礼私下无数次想过左柚喊他哥。
在左柚决定出国留学这年，他终于等到了。"
A143-opening,A143,揣上蛇崽后，我跑路了;码字出奇迹,data/articles/0143-揣上蛇崽后，我跑路了.txt,开头钩子,其他|开头钩子|人设亮相,1,5,"在山里把腿摔断后，我求隐居在山?的蛇神救我。
「?论什么要求，我都会答应你……」
蛇神沉吟片刻，再次向我确认。
「什么要求都可以？」
我连忙点头。"
A143-intro,A143,揣上蛇崽后，我跑路了;码字出奇迹,data/articles/0143-揣上蛇崽后，我跑路了.txt,主角亮相,其他|主角亮相|人设亮相,5,5,我连忙点头。
A143-dialogue,A143,揣上蛇崽后，我跑路了;码字出奇迹,data/articles/0143-揣上蛇崽后，我跑路了.txt,高张力对白,其他|高张力对白|人设亮相,2,2,「?论什么要求，我都会答应你……」
A143-ending,A143,揣上蛇崽后，我跑路了;码字出奇迹,data/articles/0143-揣上蛇崽后，我跑路了.txt,结尾余韵,其他|结尾余韵|人设亮相,481,483,"在我最为意乱情迷时, 喻泽贴在我耳侧低语。
「今天，试试全部好不好？」
后来，喻泽再没自己孵过蛋。"
A144-opening,A144,我们高三班主任，最爱区别对待。,data/articles/0144-媚男的班主任.txt,开头钩子,甜虐关系|开头钩子|人设亮相,1,5,"男生去请假，多离谱的理由都能批。
而女生，就各种内涵你。
说你矫情装柔弱。
说你请假去鬼混。
有次，我阑尾炎去请假。"
A144-intro,A144,我们高三班主任，最爱区别对待。,data/articles/0144-媚男的班主任.txt,主角亮相,甜虐关系|主角亮相|人设亮相,13,13,我捂着肚子，努力直起腰：「老师，我真的不舒服，家里已经帮我联系好医院了。」
A144-dialogue,A144,我们高三班主任，最爱区别对待。,data/articles/0144-媚男的班主任.txt,高张力对白,甜虐关系|高张力对白|人设亮相,77,77,班主任一脸嫌弃：「怎么还演上了，以为挤几滴眼泪我就能心软？别忘了，我也是从学生过来的，你们那点把戏都是我玩剩下的。」
A144-ending,A144,我们高三班主任，最爱区别对待。,data/articles/0144-媚男的班主任.txt,结尾余韵,甜虐关系|结尾余韵,518,520,"你要明白。
不论何时。
值得尊重的是人，而不是职业！"
A145-opening,A145,梦十年,data/articles/0145-梦十年.txt,开头钩子,都市婚恋|甜虐关系|开头钩子|轻喜反差|情感拉扯|人设亮相,1,5,"婚礼现场，段-应-泽的白月-光–身穿婚纱来抢婚。
「段应泽，如果你还爱我，就跟我走。」
段-应-泽毫不犹-豫–地牵住了她的手。
留-我-一-个人面-对–众人的怜悯与嘲笑。
所-有-人-都以为-我–会伤心欲绝，痛不欲生。"
A145-intro,A145,梦十年,data/articles/0145-梦十年.txt,主角亮相,都市婚恋|甜虐关系|主角亮相|人设亮相,7,7,我-的-白-月光也-回–来了。
A145-dialogue,A145,梦十年,data/articles/0145-梦十年.txt,高张力对白,都市婚恋|甜虐关系|高张力对白,80,80,「段应泽，赶紧来医院，梦梦自杀了！」
A145-ending,A145,梦十年,data/articles/0145-梦十年.txt,结尾余韵,都市婚恋|甜虐关系|结尾余韵|人设亮相,694,696,"雨过天晴。
我想，
念念必有回响。"
A146-opening,A146,黯生by南一,data/articles/0146-黯生.txt,开头钩子,其他|开头钩子|人设亮相,1,5,"我被叫回国去保护顶流江黯生。
这位大明星对保镖的要求只有三个：
女的。
贴身保护。
不能对他动心。"
A146-intro,A146,黯生by南一,data/articles/0146-黯生.txt,主角亮相,其他|主角亮相|人设亮相,1,1,我被叫回国去保护顶流江黯生。
A146-dialogue,A146,黯生by南一,data/articles/0146-黯生.txt,高张力对白,其他|高张力对白|人设亮相,40,40,而得到答案的粉丝会在起身离开时对我说：「拜托你好好保护他，谢谢。」
A146-ending,A146,黯生by南一,data/articles/0146-黯生.txt,结尾余韵,其他|结尾余韵|人设亮相,551,553,"可我们约定要一起去看世界。
但他?ū?，永远失约了。
（完）"
A147-opening,A147,误把杀手当模;顷愉,data/articles/0147-误把杀手当模.txt,开头钩子,其他|开头钩子|人设亮相,1,5,"我在网上点男模，误点到杀?。
我：【多少钱一次？】
杀?：【几个?。】
啊这，还有多?活动吗！
我忸怩半晌，报上?己的名字。"
A147-intro,A147,误把杀手当模;顷愉,data/articles/0147-误把杀手当模.txt,主角亮相,其他|主角亮相|人设亮相,1,1,我在网上点男模，误点到杀?。
A147-dialogue,A147,误把杀手当模;顷愉,data/articles/0147-误把杀手当模.txt,高张力对白,其他|高张力对白,107,107,「你这人怎么这样！收钱办事不懂吗，反悔啊，晚了！」
A147-ending,A147,误把杀手当模;顷愉,data/articles/0147-误把杀手当模.txt,结尾余韵,其他|结尾余韵|轻喜反差|人设亮相,780,782,"梁鸿终于笑起来。
他温柔地亲吻我的额头。
「嗯，点我一个就够了。」"
A148-opening,A148,桥归路;苏清禾,data/articles/0148-桥归路.txt,开头钩子,系统/攻略|都市婚恋|重逢修罗场|开头钩子|信息外挂|人设亮相,1,5,"身为主角攻的貌美前男友。
和清贫校草的他谈了三年，我抛弃了他。
后来，他成为千亿总裁。
系统让我追他求复合，再被他打脸，才算完成任务。
我对着陆煜说：「乖狗，还不过来舔我？」"
A148-intro,A148,桥归路;苏清禾,data/articles/0148-桥归路.txt,主角亮相,系统/攻略|都市婚恋|重逢修罗场|主角亮相|人设亮相,5,5,我对着陆煜说：「乖狗，还不过来舔我？」
A148-dialogue,A148,桥归路;苏清禾,data/articles/0148-桥归路.txt,高张力对白,系统/攻略|都市婚恋|重逢修罗场|高张力对白,45,45,「他是勾搭不上别人故意利用你的，你清醒一点！」
A148-ending,A148,桥归路;苏清禾,data/articles/0148-桥归路.txt,结尾余韵,系统/攻略|都市婚恋|重逢修罗场|结尾余韵|人设亮相,708,710,"他亲吻我的嘴角。
「好。」
「一辈子都用来还债吧。」"
A149-opening,A149,我最纯恨那些年,data/articles/0149-我最纯恨那些年.txt,开头钩子,其他|开头钩子|轻喜反差|人设亮相,1,5,"一个月前，在我曝光了张康的龌龊行径后，张康在群里大倒苦水。
……
在铁一样的证据下，房东无奈承认在我的房间安装微型摄像头。
在警局做完笔录，我的心情终于平复下来。
高中时，班里的男生嘲笑我胸大，叫我大雷妹。"
A149-intro,A149,我最纯恨那些年,data/articles/0149-我最纯恨那些年.txt,主角亮相,其他|主角亮相|人设亮相,11,11,我趴在课桌上，生无可恋地对体委说：「肚子疼……帮我请个假。」
A149-dialogue,A149,我最纯恨那些年,data/articles/0149-我最纯恨那些年.txt,高张力对白,其他|高张力对白|人设亮相,32,32,我不死心，朝女生堆一个双马尾女生招手：「洛星，等会仰卧起坐，你要和我一组吗？」
A149-ending,A149,我最纯恨那些年,data/articles/0149-我最纯恨那些年.txt,结尾余韵,其他|结尾余韵,833,835,"?
【END】
????????????????????????????????????????????????????????????????????????????????????????????????????????????????????????????????????????????????????????????????????????????????????????????????????????????????????????????????????????????????????????????????????????????????????????????????????????????????????????????????????????????????????????????????????????????????????????????????????????????????????????????????????????????????????????????????????????????????????????????????????????????????????????????????????????????????????????????????????????????????????????????????????????????????????????????????????????????????????????????????????????????????????????????????????????????????????????????????"
A150-opening,A150,缘浅情深;长生小笨狗,data/articles/0150-缘浅情深.txt,开头钩子,甜虐关系|开头钩子|轻喜反差|情感拉扯|人设亮相,1,5,"林星时说，我们俩是最好的兄弟，?辈?的那种。
可是后来林星时谈恋爱了。
他为了他女朋友保研，把我挤出了我的实验项目。
我愤怒到极致去找他，可他只是漫不经心地看着我，一副只等着挨完骂给我道歉的表情。
一瞬间我才发觉这些年真的可笑至极，连我的?气也可笑?极。"
A150-intro,A150,缘浅情深;长生小笨狗,data/articles/0150-缘浅情深.txt,主角亮相,甜虐关系|主角亮相|人设亮相,4,4,我愤怒到极致去找他，可他只是漫不经心地看着我，一副只等着挨完骂给我道歉的表情。
A150-dialogue,A150,缘浅情深;长生小笨狗,data/articles/0150-缘浅情深.txt,高张力对白,甜虐关系|高张力对白|轻喜反差|人设亮相,6,6,最后我笑了起来，笑得肚?疼了，才起?只拍了拍他的肩膀，「林星时，再?！」
A150-ending,A150,缘浅情深;长生小笨狗,data/articles/0150-缘浅情深.txt,结尾余韵,甜虐关系|结尾余韵|轻喜反差|人设亮相,390,392,"我张张嘴，最后没说话，说什么呢？说我真的差一点甩了他，他的直觉真准，我笑了起来，又被他在不满的脖颈咬了一口。
那一年冬天结束得很快，我在霍家住到了开春，才再次出去上班。
—-完—-"
A151-opening,A151,重遇初恋,data/articles/0151-重遇初恋.txt,开头钩子,甜虐关系|开头钩子|情感拉扯|人设亮相,1,5,"搜名看全章 - [独家偏爱：你是我眼里的唯一__平生欢 | 平生欢]
男朋友用一辈子时间发明了时光机。
他要穿越回去挽回初恋。
我偷偷跟着他一起穿越回去。
然后看见被我一点一点教会如何爱一个人的他，牵着初恋的手温柔说:"
A151-intro,A151,重遇初恋,data/articles/0151-重遇初恋.txt,主角亮相,甜虐关系|主角亮相|人设亮相,4,4,我偷偷跟着他一起穿越回去。
A151-dialogue,A151,重遇初恋,data/articles/0151-重遇初恋.txt,高张力对白,甜虐关系|高张力对白,32,32,「听说过前人栽树后人乘凉吗？梁煦这么细心体贴，该不会都是前女友教出来的吧？」
A151-ending,A151,重遇初恋,data/articles/0151-重遇初恋.txt,结尾余韵,甜虐关系|结尾余韵|人设亮相,514,516,"所以，第二天他在我的身边坐了下来。
从此，我们的故事有了新的开始。
（完）"
A152-opening,A152,装货的上位手册;财神爷SSR卡,data/articles/0152-装货的上位手册.txt,开头钩子,其他|开头钩子|人设亮相,1,5,"我妈嫁入豪门后。
我的便宜弟弟好一群富家公子哥成立了一个歼婊团。
他们试图勾引我出轨，再揭穿我真面目。
「她才不是我姐，别看外表那么清纯，其实早就被睡烂了！」
「这种女人廉价得很，没和过世面，随便哄一下就能趴下给我当狗。」"
A152-intro,A152,装货的上位手册;财神爷SSR卡,data/articles/0152-装货的上位手册.txt,主角亮相,其他|主角亮相|人设亮相,1,1,我妈嫁入豪门后。
A152-dialogue,A152,装货的上位手册;财神爷SSR卡,data/articles/0152-装货的上位手册.txt,高张力对白,其他|高张力对白|人设亮相,4,4,「她才不是我姐，别看外表那么清纯，其实早就被睡烂了！」
A152-ending,A152,装货的上位手册;财神爷SSR卡,data/articles/0152-装货的上位手册.txt,结尾余韵,其他|结尾余韵,762,764,"他知道桑眠又在装。
但是, 当一本长长的育儿手册丢在他面前时，他还是矜持地点了点头。
母亲说过生孩子很辛苦，他会做一个合格的丈夫。"
A153-opening,A153,婚考代替彩礼后，我肠子悔青,data/articles/0153-婚考代替彩礼后，我肠子悔青.txt,开头钩子,都市婚恋|开头钩子|人设亮相,1,5,"婚考代替彩礼新规发布后，我第一时间找上女友：
「宝宝你看，婚考超过六十分就能免彩礼了！」
「现在彩礼动不动就六万八万的，跟卖女儿一样。」
「咱们要抵制陋习，不如去参加考试吧？」
女友看了眼婚姻考试法，欣然同意下来。"
A153-intro,A153,婚考代替彩礼后，我肠子悔青,data/articles/0153-婚考代替彩礼后，我肠子悔青.txt,主角亮相,都市婚恋|主角亮相|人设亮相,8,8,我赶紧捂住女友耳朵：
A153-dialogue,A153,婚考代替彩礼后，我肠子悔青,data/articles/0153-婚考代替彩礼后，我肠子悔青.txt,高张力对白,都市婚恋|高张力对白|人设亮相,7,7,「都别参加考试！谁去谁倒霉！我要求恢复彩礼制度！」
A153-ending,A153,婚考代替彩礼后，我肠子悔青,data/articles/0153-婚考代替彩礼后，我肠子悔青.txt,结尾余韵,都市婚恋|结尾余韵|人设亮相,550,552,"我只能晃悠在考场外面。
努力去提醒那些跟我一样想耍心机的男人。
「不要参加婚考，珍惜眼前人！」"
A154-opening,A154,邻居把我家当成快递点,data/articles/0154-邻居把我家当成快递点.txt,开头钩子,其他|开头钩子|人设亮相,1,5,"新开了家快递驿站在家对面，每次都有人敲错门敲到我家来。
我在门外贴了张纸条：
【驿站在对面，别敲门！】
可还是有人敲门拿快递：
「开门！我来拿快递！」"
A154-intro,A154,邻居把我家当成快递点,data/articles/0154-邻居把我家当成快递点.txt,主角亮相,其他|主角亮相|人设亮相,2,2,我在门外贴了张纸条：
A154-dialogue,A154,邻居把我家当成快递点,data/articles/0154-邻居把我家当成快递点.txt,高张力对白,其他|高张力对白|人设亮相,96,96,「她死活不给我，肯定是她偷了我快递了，你们快抓她啊！」
A154-ending,A154,邻居把我家当成快递点,data/articles/0154-邻居把我家当成快递点.txt,结尾余韵,其他|结尾余韵|人设亮相,423,425,"我之后再没见过他，却在网上刷到过不少人诉说着相似的遭遇。
只能默默回复曾经做过的措施。
希望能帮到有需要的人。"
A155-opening,A155,装癖和疯狗;青青,data/articles/0155-装癖和疯狗.txt,开头钩子,其他|开头钩子|人设亮相,1,4,"当校草室友误拆了我的花嫁快递后。
我心中一紧，谎称是为妹妹买的礼物。
没想到，他顺势弯腰从我的床下掏出了 JK、丝袜、猫耳、铃铛……
「那这些呢？难道也是你好妹妹的？」"
A155-intro,A155,装癖和疯狗;青青,data/articles/0155-装癖和疯狗.txt,主角亮相,其他|主角亮相|人设亮相,2,2,我心中一紧，谎称是为妹妹买的礼物。
A155-dialogue,A155,装癖和疯狗;青青,data/articles/0155-装癖和疯狗.txt,高张力对白,其他|高张力对白|人设亮相,17,17,「谢谢，你放心，我会把这些东西尽快处理了！」
A155-ending,A155,装癖和疯狗;青青,data/articles/0155-装癖和疯狗.txt,结尾余韵,其他|结尾余韵,367,369,"两个人一边在外面搭伙租房子，一边努力脱单。
历时两年了，家里的母猪都下三四次崽子了，江裕他终于成功了。
他俩已经愉快决定一起手拉手回宿舍，狠狠宰江裕一顿了。"
A156-opening,A156,莫吉托骗局;水果茶里加葡萄,data/articles/0156-莫吉托骗局.txt,开头钩子,甜虐关系|开头钩子|轻喜反差|情感拉扯|人设亮相,1,5,"最花心那年，我玩弄过一个穷学生，玩腻后将他抛弃，寻找下一个目标。
直到有一天，这个穷学生成为了京圈顶级权贵。
而我家中遭逢变故，父亲亲自将我送到他床上，谄笑着说：「我儿子得罪过你，你想怎么处置他都行，只要你救路氏一命。」
谢南行压着我，摩挲着我的嘴唇，轻声道：「阿舟，你当初对我说过，辜负真心的人吞一万根针。」
「但我那么爱你，怎么会忍心让你吞针呢？所以你吞点别的东西替代，好不好？」"
A156-intro,A156,莫吉托骗局;水果茶里加葡萄,data/articles/0156-莫吉托骗局.txt,主角亮相,甜虐关系|主角亮相|人设亮相,10,10,我坐在沙发的角落，无精打采地耷拉着眉眼。
A156-dialogue,A156,莫吉托骗局;水果茶里加葡萄,data/articles/0156-莫吉托骗局.txt,高张力对白,甜虐关系|高张力对白|情感拉扯|人设亮相,5,5,「但我那么爱你，怎么会忍心让你吞针呢？所以你吞点别的东西替代，好不好？」
A156-ending,A156,莫吉托骗局;水果茶里加葡萄,data/articles/0156-莫吉托骗局.txt,结尾余韵,甜虐关系|结尾余韵|轻喜反差|人设亮相,550,552,"我也开心地笑了。
路绥舟，你准备好了吗？
——全文完——"
A157-opening,A157,小鬼送财,data/articles/0157-小鬼送财.txt,开头钩子,其他|开头钩子,1,4,"半夜醒来想上厕所。
竟然看见两个鬼在窗户上聊天。
一个小女孩说：都睡着了，真没意思。
一个中年女人说：谁说的，不是有一个刚醒了吗。"
A157-intro,A157,小鬼送财,data/articles/0157-小鬼送财.txt,主角亮相,其他|主角亮相|人设亮相,6,6,我吓得赶紧闭上眼睛。
A157-dialogue,A157,小鬼送财,data/articles/0157-小鬼送财.txt,高张力对白,其他|高张力对白,16,16,「嘘！别乱说话，早知道不带你来了，走走走，快走。」
A157-ending,A157,小鬼送财,data/articles/0157-小鬼送财.txt,结尾余韵,其他|结尾余韵|人设亮相,671,673,"我瞬间傻眼了。
?
????????????????????????????????????????????????????????????????????????????????????????????????????????????????????????????????????????????????????????????????????????????????????????????????????????????????????????????????????????????????????????????????????????????????????????????????????????????????????????????????????????????????????????????????????????????????????????????????????????????????????????????????????????????????????????????????????????????????????????????????????????????????????????????????????????????????????????????????????????????????????????????????????????????????????????????????????????????????????????????????????????????????????????????????????????????????????????????????"
A158-opening,A158,项圈;一事无陈士,data/articles/0158-项圈.txt,开头钩子,奇幻/异种|开头钩子|人设亮相,1,5,"花刃是我高价赎回来的顶级魅魔，性?傲，不让碰，一直想跑。
每次喂他，都是我霸王硬上?。
吃完后，嘴边留下的痕迹都没擦，他还冷着脸嘲讽：「难吃，我迟早被你养死。」
起初我怜惜他那张俊美的脸，还能处处纵容。
直到我?遇?了?个。"
A158-intro,A158,项圈;一事无陈士,data/articles/0158-项圈.txt,主角亮相,奇幻/异种|主角亮相|人设亮相,11,11,我低头沉默，契约书不慎掉落。
A158-dialogue,A158,项圈;一事无陈士,data/articles/0158-项圈.txt,高张力对白,奇幻/异种|高张力对白|人设亮相,14,14,「藏在哪?，我要杀了他。」
A158-ending,A158,项圈;一事无陈士,data/articles/0158-项圈.txt,结尾余韵,奇幻/异种|结尾余韵|人设亮相,463,465,"花刃听完，眼泪掉得更猛了：
「呜，你不许养他，我不要，我不要你养他。」
「傻子，骗你的啦。」"
A159-opening,A159,他失信了;张若妤,data/articles/0159-他失信了.txt,开头钩子,校园|甜虐关系|开头钩子|情感拉扯|人设亮相,1,5,"和继弟谈了五年。
他年纪?，性子野，爱玩，我都忍了。
直到，他跟新认识的男大学生越了轨，我过去替他收拾残局。
垃圾桶里很乱。
有七个。"
A159-intro,A159,他失信了;张若妤,data/articles/0159-他失信了.txt,主角亮相,校园|甜虐关系|主角亮相|人设亮相,6,6,我收拾了房间，替他打发走小男生。
A159-dialogue,A159,他失信了;张若妤,data/articles/0159-他失信了.txt,高张力对白,校园|甜虐关系|高张力对白|人设亮相,39,39,「别闹了，是我没让哥舒服吗？」
A159-ending,A159,他失信了;张若妤,data/articles/0159-他失信了.txt,结尾余韵,校园|甜虐关系|结尾余韵|人设亮相,937,939,"希望。
不管什么身份。
我都能陪他久一点，再久一点。"
A160-opening,A160,《姐，我想逐梦娱乐圈》作者：周周有雨,data/articles/0160-姐，我想逐梦娱乐圈.txt,开头钩子,校园|开头钩子|人设亮相,1,5,"别名：清爽喂饭
三十二岁那年。
我养了个贫困男大。
路过大学，我看到时谨正把一个女孩圈在怀里。
他红着眼委屈又隐忍：「你不要嫌我脏……」"
A160-intro,A160,《姐，我想逐梦娱乐圈》作者：周周有雨,data/articles/0160-姐，我想逐梦娱乐圈.txt,主角亮相,校园|主角亮相|人设亮相,3,3,我养了个贫困男大。
A160-dialogue,A160,《姐，我想逐梦娱乐圈》作者：周周有雨,data/articles/0160-姐，我想逐梦娱乐圈.txt,高张力对白,校园|高张力对白|人设亮相,5,5,他红着眼委屈又隐忍：「你不要嫌我脏……」
A160-ending,A160,《姐，我想逐梦娱乐圈》作者：周周有雨,data/articles/0160-姐，我想逐梦娱乐圈.txt,结尾余韵,校园|结尾余韵|人设亮相,984,986,"「姐，我在这里三十八楼有个套房。」
然后我三天没有看到太阳。
全文完。"
A161-opening,A161,祈尔繁芜胜常春;纯夜,data/articles/0161-祈尔繁芜胜常春.txt,开头钩子,校园|开头钩子|人设亮相,1,5,"我色诱了继弟。
他在床上极尽羞辱，可握住我大腿的手却越来越紧。
每每事后，陈竟都不忘补充一句：「你就是我发泄的一个玩意儿，摆正自己的位置。」
我点头认可。
后来金榜题名，我阳奉阴违报了离家千里之远的大学。"
A161-intro,A161,祈尔繁芜胜常春;纯夜,data/articles/0161-祈尔繁芜胜常春.txt,主角亮相,校园|主角亮相|人设亮相,1,1,我色诱了继弟。
A161-dialogue,A161,祈尔繁芜胜常春;纯夜,data/articles/0161-祈尔繁芜胜常春.txt,高张力对白,校园|高张力对白|人设亮相,26,26,陈竟气息更加不稳：「别特么背对着我！」
A161-ending,A161,祈尔繁芜胜常春;纯夜,data/articles/0161-祈尔繁芜胜常春.txt,结尾余韵,校园|结尾余韵|人设亮相,683,685,"这一刻，我才明白。
——痛苦只是流经我的另一个内核强大的女主。
人生来不同，我自有我的风光。"
A162-opening,A162,攻略错任务对象后,data/articles/0162-攻略错任务对象后.txt,开头钩子,系统/攻略|开头钩子|信息外挂|人设亮相,1,5,"对男主霸王硬上弓到一半，系统告诉我攻略错了人。
「强扭的瓜不甜。」
我一本正经，放下正在动作的手。
不料被他反握住手腕，拉了回去。
我：「！」"
A162-intro,A162,攻略错任务对象后,data/articles/0162-攻略错任务对象后.txt,主角亮相,系统/攻略|主角亮相|人设亮相,3,3,我一本正经，放下正在动作的手。
A162-dialogue,A162,攻略错任务对象后,data/articles/0162-攻略错任务对象后.txt,高张力对白,系统/攻略|高张力对白|信息外挂,22,22,「啊啊啊啊！宿主！停下，快停下！别脱他裤子了，咱们攻略错人了！真正要攻略的敌人是他的死对头反派！」
A162-ending,A162,攻略错任务对象后,data/articles/0162-攻略错任务对象后.txt,结尾余韵,系统/攻略|结尾余韵|轻喜反差|人设亮相,907,909,"我僵硬回头，对上秦延似笑非笑的眸子。
那一刻，我知道我彻底完了。
卒。"
A163-opening,A163,《我见青山》作者：衡臣,data/articles/0163-我见青山.txt,开头钩子,古言/宫廷|都市婚恋|甜虐关系|开头钩子|轻喜反差|人设亮相,1,5,"嫁给太子的前一晚，父亲从外面带回了外室所生的女儿。
「你妹妹国色天香，比你好看太多，有她陪你嫁入太子府，必定能帮你固宠。」
我有些好笑。
我可是她的杀母仇人，她怎会帮我固宠。
果然，大婚当天，她穿着一身俏丽的素白衣衫站立在我身旁，夺走了所有人的目光。"
A163-intro,A163,《我见青山》作者：衡臣,data/articles/0163-我见青山.txt,主角亮相,古言/宫廷|都市婚恋|甜虐关系|主角亮相|轻喜反差|人设亮相,3,3,我有些好笑。
A163-dialogue,A163,《我见青山》作者：衡臣,data/articles/0163-我见青山.txt,高张力对白,古言/宫廷|都市婚恋|甜虐关系|高张力对白|人设亮相,40,40,「爹爹，爹爹不会放过你的！爹爹会让你给我母亲偿命的！」
A163-ending,A163,《我见青山》作者：衡臣,data/articles/0163-我见青山.txt,结尾余韵,古言/宫廷|都市婚恋|甜虐关系|结尾余韵|情感拉扯|人设亮相,571,573,"「听奶娘说, 你母后年少时，很喜欢和你外祖母撒娇, 爬树上掏鸟蛋砸到了御史家的小小姐，把人家吓哭了，你外祖母拿着烧火棍追得她满院子喊娘——」
他顿了顿, 神色落寞。
「可惜，后来，我没能再见过这样鲜活的阿姐。」"
A164-opening,A164,最颜控那年;会中彩票的会中彩票的靓,data/articles/0164-最颜控那年.txt,开头钩子,其他|开头钩子|轻喜反差|人设亮相,1,5,"最颜控那年，砸 100 万逼顾琛公开我。
他却边公开边找年轻妹妹调侃：
「周玫三十几了，感觉身上有味。」
我笑了笑，当没听?。
他吃准我痴迷他的颜。"
A164-intro,A164,最颜控那年;会中彩票的会中彩票的靓,data/articles/0164-最颜控那年.txt,主角亮相,其他|主角亮相|轻喜反差|人设亮相,4,4,我笑了笑，当没听?。
A164-dialogue,A164,最颜控那年;会中彩票的会中彩票的靓,data/articles/0164-最颜控那年.txt,高张力对白,其他|高张力对白,33,33,「刚满二十就是好，身上奶香奶?的。」
A164-ending,A164,最颜控那年;会中彩票的会中彩票的靓,data/articles/0164-最颜控那年.txt,结尾余韵,其他|结尾余韵|人设亮相,761,763,"池瑾将我搂得更紧。
他的头在我肩颈微微晃动：
「我会让你相信，真心也很要紧。」"
A165-opening,A165,桑双;姜小生,data/articles/0165-桑双.txt,开头钩子,甜虐关系|开头钩子|人设亮相,1,5,"坐在金主腿上撒娇时，我觉醒了剧情。
我是京圈几位大少爷的炮灰床友，结局因纵欲而亡。
我惊恐地按住晏酌摩挲着我腰的手，声音发抖：「要不先算了……」
晏酌漫不经心：「再不做，我就去接机了。」
今天是他养姐回国的日子。"
A165-intro,A165,桑双;姜小生,data/articles/0165-桑双.txt,主角亮相,甜虐关系|主角亮相|人设亮相,2,2,我是京圈几位大少爷的炮灰床友，结局因纵欲而亡。
A165-dialogue,A165,桑双;姜小生,data/articles/0165-桑双.txt,高张力对白,甜虐关系|高张力对白|人设亮相,108,108,「不过桑桑，这家酒店我们也来过。和男朋友住在这里，不会想到我吗？还是说，你没有男朋友呢？」
A165-ending,A165,桑双;姜小生,data/articles/0165-桑双.txt,结尾余韵,甜虐关系|结尾余韵|人设亮相,950,952,"不对，我昨天买的游戏还没通关, 所有事情全部暂停，先去通关。
……
嗯，通关了。"
A166-opening,A166,不负相思;林籽籽,data/articles/0166-不负相思.txt,开头钩子,其他|开头钩子|人设亮相,1,5,"裴珣和我冷战的第二十天，发了张和校花十指紧扣的朋友圈。
我默默把志愿改成了千里之外的兰城。
他兄弟在聚会上起哄：「桑月你再不哄，裴哥真和别人在一起了。」
我小声地说了句对不起。
裴珣扯了扯嘴角。"
A166-intro,A166,不负相思;林籽籽,data/articles/0166-不负相思.txt,主角亮相,其他|主角亮相|人设亮相,2,2,我默默把志愿改成了千里之外的兰城。
A166-dialogue,A166,不负相思;林籽籽,data/articles/0166-不负相思.txt,高张力对白,其他|高张力对白|人设亮相,31,31,「桑月，你是不是想毒死我了，随便拿什么乡下方子？」
A166-ending,A166,不负相思;林籽籽,data/articles/0166-不负相思.txt,结尾余韵,其他|结尾余韵|人设亮相,838,840,"我想以后, 总是免不了要来吃的。
和裴珣，和妈妈。
或者，我们一起。"
